;NOME DO MUNICÍPIO;"População Município 2010
(Sinopse)";População 2010 (Alterações de Limites até 2022)1;População Censo 2022;diferenca
0;Abadia de Goiás;6876.0;6891.0;19128.0;12252.0
1;Abadia dos Dourados;6704.0;6704.0;6272.0;-432.0
2;Abadiânia;15757.0;15759.0;17232.0;1475.0
3;Abaetetuba;141100.0;141100.0;158188.0;17088.0
4;Abaeté;22690.0;22690.0;22675.0;-15.0
5;Abaiara;10496.0;10456.0;10038.0;-458.0
6;Abaré;17064.0;17155.0;17639.0;575.0
7;Abatiá;7764.0;7764.0;7241.0;-523.0
8;Abaíra;8316.0;8841.0;7301.0;-1015.0
9;Abdon Batista;2653.0;2653.0;2598.0;-55.0
10;Abel Figueiredo;6780.0;6780.0;6136.0;-644.0
11;Abelardo Luz;17100.0;17100.0;17392.0;292.0
12;Abre Campo;13311.0;13311.0;13927.0;616.0
13;Abreu e Lima;94429.0;94425.0;98462.0;4033.0
14;Abreulândia;2391.0;2391.0;2576.0;185.0
15;Acaiaca;3920.0;3920.0;3909.0;-11.0
16;Acajutiba;14653.0;14577.0;13795.0;-858.0
17;Acarape;15338.0;13661.0;14027.0;-1311.0
18;Acaraú;57551.0;57190.0;65264.0;7713.0
19;Acari;11035.0;11035.0;10597.0;-438.0
20;Acará;53569.0;53569.0;59023.0;5454.0
21;Acauã;6749.0;6749.0;6420.0;-329.0
22;Aceguá;4394.0;4394.0;4170.0;-224.0
23;Acopiara;51160.0;51271.0;44962.0;-6198.0
24;Acorizal;5516.0;5454.0;5014.0;-502.0
25;Acrelândia;12538.0;12538.0;14021.0;1483.0
26;Acreúna;20279.0;20268.0;21568.0;1289.0
27;Adamantina;33797.0;33797.0;34687.0;890.0
28;Adelândia;2477.0;2477.0;2297.0;-180.0
29;Adolfo;3557.0;3557.0;4351.0;794.0
30;Adrianópolis;6376.0;6376.0;6256.0;-120.0
31;Adustina;15702.0;15861.0;14201.0;-1501.0
32;Afogados da Ingazeira;35088.0;35088.0;40241.0;5153.0
33;Afonso Bezerra;10844.0;10844.0;10839.0;-5.0
34;Afonso Cláudio;31091.0;31091.0;30684.0;-407.0
35;Afonso Cunha;5905.0;5905.0;6144.0;239.0
36;Afrânio;17586.0;17586.0;18674.0;1088.0
37;Afuá;35042.0;35042.0;37765.0;2723.0
38;Agrestina;22679.0;22679.0;23779.0;1100.0
39;Agricolândia;5098.0;5098.0;4940.0;-158.0
40;Agrolândia;9323.0;9323.0;10990.0;1667.0
41;Agronômica;4904.0;4794.0;6055.0;1151.0
42;Aguanil;4054.0;4054.0;4357.0;303.0
43;Aguaí;32148.0;32148.0;32072.0;-76.0
44;Agudo;16722.0;16722.0;16041.0;-681.0
45;Agudos;34524.0;34524.0;37680.0;3156.0
46;Agudos do Sul;8270.0;8270.0;10233.0;1963.0
47;Aguiar;5530.0;5604.0;5003.0;-527.0
48;Aguiarnópolis;5162.0;5162.0;4497.0;-665.0
49;Aimorés;24959.0;24959.0;25269.0;310.0
50;Aiquara;4602.0;4648.0;4447.0;-155.0
51;Aiuaba;16203.0;16203.0;14076.0;-2127.0
52;Aiuruoca;6162.0;6162.0;6233.0;71.0
53;Ajuricaba;7255.0;7255.0;6720.0;-535.0
54;Alagoa;2709.0;2709.0;2749.0;40.0
55;Alagoa Grande;28479.0;28410.0;26062.0;-2417.0
56;Alagoa Nova;19681.0;19856.0;21013.0;1332.0
57;Alagoinha;27335.0;27186.0;27267.0;-68.0
58;Alagoinha do Piauí;7341.0;7341.0;6819.0;-522.0
59;Alagoinhas;141949.0;141463.0;151055.0;9106.0
60;Alambari;4884.0;4884.0;6141.0;1257.0
61;Albertina;2913.0;2913.0;2952.0;39.0
62;Alcantil;5239.0;5239.0;5578.0;339.0
63;Alcinópolis;4569.0;4569.0;4537.0;-32.0
64;Alcobaça;21271.0;21823.0;24530.0;3259.0
65;Alcântara;21851.0;21521.0;18467.0;-3384.0
66;Alcântaras;10771.0;10877.0;11369.0;598.0
67;Aldeias Altas;23952.0;23952.0;23286.0;-666.0
68;Alecrim;7045.0;7045.0;6123.0;-922.0
69;Alegre;30768.0;30392.0;29177.0;-1591.0
70;Alegrete;77653.0;77653.0;72409.0;-5244.0
71;Alegrete do Piauí;5153.0;4771.0;4634.0;-519.0
72;Alegria;4301.0;4294.0;3651.0;-650.0
73;Alenquer;52626.0;52626.0;69377.0;16751.0
74;Alexandria;13507.0;13507.0;13640.0;133.0
75;Alexânia;23814.0;23814.0;27008.0;3194.0
76;Alfenas;73774.0;73774.0;78970.0;5196.0
77;Alfredo Chaves;13955.0;13955.0;13836.0;-119.0
78;Alfredo Marcondes;3891.0;3891.0;4445.0;554.0
79;Alfredo Vasconcelos;6075.0;6075.0;6931.0;856.0
80;Alfredo Wagner;9410.0;9410.0;10481.0;1071.0
81;Algodão de Jandaíra;2366.0;2429.0;2953.0;587.0
82;Alhandra;18007.0;18055.0;21730.0;3723.0
83;Aliança;37415.0;37415.0;35741.0;-1674.0
84;Aliança do Tocantins;5671.0;5671.0;5147.0;-524.0
85;Almadina;6357.0;6304.0;5218.0;-1139.0
86;Almas;7586.0;7586.0;6499.0;-1087.0
87;Almeirim;33614.0;33614.0;34280.0;666.0
88;Almenara;38775.0;38775.0;40364.0;1589.0
89;Almino Afonso;4871.0;4871.0;4687.0;-184.0
90;Almirante Tamandaré;103204.0;103217.0;119825.0;16621.0
91;Almirante Tamandaré do Sul;2067.0;2067.0;1969.0;-98.0
92;Aloândia;2051.0;2051.0;1973.0;-78.0
93;Alpercata;7172.0;7172.0;6903.0;-269.0
94;Alpestre;8027.0;8027.0;7117.0;-910.0
95;Alpinópolis;18488.0;18488.0;18300.0;-188.0
96;Alta Floresta;49164.0;49142.0;58613.0;9449.0
97;Altair;3815.0;3815.0;3451.0;-364.0
98;Altamira;99075.0;99075.0;126279.0;27204.0
99;Altamira do Maranhão;11063.0;7407.0;6447.0;-4616.0
100;Altamira do Paraná;4306.0;4306.0;3590.0;-716.0
101;Altaneira;6856.0;6856.0;6782.0;-74.0
102;Alterosa;13717.0;13717.0;13915.0;198.0
103;Altinho;22353.0;22337.0;20674.0;-1679.0
104;Altinópolis;15607.0;15607.0;16818.0;1211.0
105;Alto Alegre;22398.0;22398.0;26737.0;4339.0
106;Alto Alegre do Maranhão;24599.0;25164.0;24048.0;-551.0
107;Alto Alegre do Pindaré;31057.0;31052.0;25710.0;-5347.0
108;Alto Alegre dos Parecis;12816.0;12816.0;11479.0;-1337.0
109;Alto Araguaia;15644.0;15649.0;17193.0;1549.0
110;Alto Bela Vista;2005.0;2005.0;1856.0;-149.0
111;Alto Boa Vista;5247.0;5212.0;5715.0;468.0
112;Alto Caparaó;5297.0;5297.0;5795.0;498.0
113;Alto Feliz;2917.0;2891.0;3072.0;155.0
114;Alto Garças;10350.0;10345.0;13052.0;2702.0
115;Alto Horizonte;4505.0;4510.0;6072.0;1567.0
116;Alto Jequitibá;8318.0;8318.0;8397.0;79.0
117;Alto Longá;13646.0;13646.0;13479.0;-167.0
118;Alto Paraguai;10066.0;10066.0;8009.0;-2057.0
119;Alto Paraná;13663.0;13663.0;13909.0;246.0
120;Alto Paraíso;20341.0;20341.0;19375.0;-966.0
121;Alto Paraíso de Goiás;6885.0;6885.0;10306.0;3421.0
122;Alto Parnaíba;10766.0;10766.0;11109.0;343.0
123;Alto Piquiri;10179.0;10179.0;9727.0;-452.0
124;Alto Rio Doce;12159.0;12159.0;10891.0;-1268.0
125;Alto Rio Novo;7317.0;7317.0;7434.0;117.0
126;Alto Santo;16359.0;15250.0;14155.0;-2204.0
127;Alto Taquari;8072.0;8072.0;10904.0;2832.0
128;Alto do Rodrigues;12305.0;12305.0;12484.0;179.0
129;Altos;38822.0;38822.0;47453.0;8631.0
130;Altônia;20516.0;20516.0;18742.0;-1774.0
131;Alumínio;16839.0;16839.0;17301.0;462.0
132;Alvarenga;4444.0;4444.0;3975.0;-469.0
133;Alvarães;14088.0;14088.0;15866.0;1778.0
134;Alvinlândia;3000.0;3000.0;2885.0;-115.0
135;Alvinópolis;15261.0;15261.0;15059.0;-202.0
136;Alvorada;204047.0;204047.0;196117.0;-7930.0
137;Alvorada D'Oeste;16853.0;16853.0;13117.0;-3736.0
138;Alvorada de Minas;3546.0;3546.0;4159.0;613.0
139;Alvorada do Gurguéia;5050.0;5050.0;5322.0;272.0
140;Alvorada do Norte;8084.0;8084.0;8446.0;362.0
141;Alvorada do Sul;10283.0;10283.0;10326.0;43.0
142;Além Paraíba;34349.0;34349.0;30717.0;-3632.0
143;Amajari;9327.0;9327.0;13927.0;4600.0
144;Amambai;34730.0;34730.0;39325.0;4595.0
145;Amaporã;5443.0;5443.0;4762.0;-681.0
146;Amapá;8069.0;8069.0;7943.0;-126.0
147;Amapá do Maranhão;6431.0;6431.0;7170.0;739.0
148;Amaraji;21939.0;21890.0;18205.0;-3734.0
149;Amaral Ferrador;6353.0;6353.0;5310.0;-1043.0
150;Amaralina;3434.0;3432.0;3268.0;-166.0
151;Amarante;17135.0;17135.0;17234.0;99.0
152;Amarante do Maranhão;37932.0;37932.0;37085.0;-847.0
153;Amargosa;34351.0;34557.0;36521.0;2170.0
154;Amaturá;9467.0;9467.0;10819.0;1352.0
155;Americana;210638.0;210638.0;237240.0;26602.0
156;Americano do Brasil;5508.0;5513.0;5259.0;-249.0
157;Ametista do Sul;7323.0;7323.0;7650.0;327.0
158;Amontada;39232.0;39172.0;42156.0;2924.0
159;Amorinópolis;3609.0;3608.0;3007.0;-602.0
160;Amparo;67917.0;67914.0;70242.0;2325.0
161;Amparo do Serra;5053.0;4972.0;4541.0;-512.0
162;Amparo do São Francisco;2275.0;2275.0;2170.0;-105.0
163;Ampére;17308.0;17308.0;19620.0;2312.0
164;Amélia Rodrigues;25190.0;25125.0;24138.0;-1052.0
165;América Dourada;15961.0;15810.0;15137.0;-824.0
166;Américo Brasiliense;34478.0;34478.0;33019.0;-1459.0
167;Américo de Campos;5706.0;5706.0;5870.0;164.0
168;Anadia;17424.0;17318.0;13966.0;-3458.0
169;Anagé;25516.0;25423.0;25438.0;-78.0
170;Anahy;2874.0;2874.0;2918.0;44.0
171;Anajatuba;25291.0;24579.0;25322.0;31.0
172;Anajás;24759.0;24759.0;28011.0;3252.0
173;Analândia;4293.0;4293.0;4589.0;296.0
174;Anamã;10214.0;10214.0;9962.0;-252.0
175;Ananindeua;471980.0;471980.0;478778.0;6798.0
176;Ananás;9865.0;9865.0;10325.0;460.0
177;Anapu;20543.0;20543.0;31850.0;11307.0
178;Anapurus;13939.0;13939.0;13793.0;-146.0
179;Anastácio;23835.0;23744.0;24114.0;279.0
180;Anaurilândia;8493.0;8493.0;7653.0;-840.0
181;Anchieta;30282.0;30185.0;35927.0;5645.0
182;Andaraí;13960.0;12983.0;13080.0;-880.0
183;Andirá;20610.0;20610.0;19878.0;-732.0
184;Andorinha;14414.0;15190.0;15012.0;598.0
185;Andradas;37270.0;37270.0;40553.0;3283.0
186;Andradina;55334.0;55334.0;59783.0;4449.0
187;Andrelândia;12173.0;12173.0;11927.0;-246.0
188;André da Rocha;1216.0;1216.0;1135.0;-81.0
189;Angatuba;22210.0;22210.0;24022.0;1812.0
190;Angelim;10202.0;10202.0;10241.0;39.0
191;Angelina;5250.0;5250.0;5358.0;108.0
192;Angelândia;8003.0;8003.0;7718.0;-285.0
193;Angical;14073.0;14073.0;13732.0;-341.0
194;Angical do Piauí;6672.0;6672.0;6827.0;155.0
195;Angico;3175.0;3170.0;2876.0;-299.0
196;Angicos;11549.0;11549.0;11632.0;83.0
197;Angra dos Reis;169511.0;169511.0;167434.0;-2077.0
198;Anguera;10242.0;10259.0;11031.0;789.0
199;Angélica;9185.0;9191.0;10729.0;1544.0
200;Anhanguera;1020.0;1020.0;924.0;-96.0
201;Anhembi;5653.0;5653.0;5674.0;21.0
202;Anhumas;3738.0;3738.0;4023.0;285.0
203;Anicuns;20239.0;20242.0;18503.0;-1736.0
204;Anita Garibaldi;8623.0;8623.0;8285.0;-338.0
205;Anitápolis;3214.0;3218.0;3593.0;379.0
206;Anori;16317.0;16317.0;17194.0;877.0
207;Anta Gorda;6073.0;6066.0;5957.0;-116.0
208;Antas;17072.0;17072.0;14206.0;-2866.0
209;Antonina;18891.0;18891.0;18091.0;-800.0
210;Antonina do Norte;6984.0;6984.0;7245.0;261.0
211;Antônio Almeida;3039.0;3039.0;3152.0;113.0
212;Antônio Cardoso;11554.0;11521.0;11146.0;-408.0
213;Antônio Carlos;18572.0;18572.0;22319.0;3747.0
214;Antônio Dias;9565.0;9565.0;9219.0;-346.0
215;Antônio Gonçalves;11015.0;10785.0;10862.0;-153.0
216;Antônio João;8208.0;8208.0;9303.0;1095.0
217;Antônio Martins;6907.0;6907.0;6577.0;-330.0
218;Antônio Olinto;7351.0;7351.0;7018.0;-333.0
219;Antônio Prado;12833.0;12831.0;13045.0;212.0
220;Antônio Prado de Minas;1671.0;1671.0;1538.0;-133.0
221;Anápolis;334613.0;334623.0;398869.0;64256.0
222;Anísio de Abreu;9098.0;9098.0;9407.0;309.0
223;Aparecida;42683.0;42627.0;40529.0;-2154.0
224;Aparecida d'Oeste;4450.0;4450.0;4086.0;-364.0
225;Aparecida de Goiânia;455657.0;455735.0;527796.0;72139.0
226;Aparecida do Rio Doce;2427.0;2427.0;2907.0;480.0
227;Aparecida do Rio Negro;4213.0;4213.0;4856.0;643.0
228;Aparecida do Taboado;22320.0;22307.0;27674.0;5354.0
229;Aperibé;10213.0;10213.0;11034.0;821.0
230;Apiacá;7512.0;7512.0;7223.0;-289.0
231;Apiacás;8567.0;8571.0;8590.0;23.0
232;Apiaí;25191.0;25191.0;24585.0;-606.0
233;Apicum-Açu;14959.0;15323.0;17519.0;2560.0
234;Apiúna;9600.0;9611.0;9811.0;211.0
235;Apodi;34763.0;34763.0;36093.0;1330.0
236;Aporá;17731.0;16838.0;15922.0;-1809.0
237;Aporé;3803.0;3803.0;4325.0;522.0
238;Apuarema;7459.0;7463.0;6913.0;-546.0
239;Apucarana;120919.0;120919.0;130134.0;9215.0
240;Apuiarés;13925.0;13661.0;12928.0;-997.0
241;Apuí;18007.0;18007.0;20647.0;2640.0
242;Aquidabã;20056.0;20056.0;20131.0;75.0
243;Aquidauana;45614.0;45543.0;46803.0;1189.0
244;Aquiraz;72628.0;72652.0;80645.0;8017.0
245;Arabutã;4193.0;4193.0;4378.0;185.0
246;Aracaju;571149.0;571149.0;602757.0;31608.0
247;Aracati;69159.0;69177.0;75113.0;5954.0
248;Aracatu;13743.0;13743.0;13936.0;193.0
249;Araci;51651.0;50689.0;48294.0;-3357.0
250;Aracitaba;2058.0;2058.0;2049.0;-9.0
251;Aracoiaba;25391.0;25338.0;25553.0;162.0
252;Aracruz;81832.0;81832.0;94765.0;12933.0
253;Aragarças;18305.0;18292.0;18390.0;85.0
254;Aragoiânia;8365.0;8365.0;11890.0;3525.0
255;Aragominas;5882.0;5882.0;5290.0;-592.0
256;Araguacema;6317.0;6317.0;5927.0;-390.0
257;Araguaiana;3197.0;3197.0;3795.0;598.0
258;Araguainha;1096.0;1096.0;1010.0;-86.0
259;Araguanã;19003.0;19003.0;15491.0;-3512.0
260;Araguapaz;7510.0;7510.0;7153.0;-357.0
261;Araguari;109801.0;109801.0;117808.0;8007.0
262;Araguatins;31329.0;31329.0;31918.0;589.0
263;Araguaçu;8786.0;8786.0;8133.0;-653.0
264;Araguaína;150484.0;150484.0;171301.0;20817.0
265;Araioses;42505.0;42505.0;39052.0;-3453.0
266;Aral Moreira;10251.0;10251.0;10748.0;497.0
267;Aramari;10036.0;10561.0;9833.0;-203.0
268;Arambaré;3693.0;3693.0;4112.0;419.0
269;Arame;31702.0;31471.0;25517.0;-6185.0
270;Aramina;5152.0;5152.0;5420.0;268.0
271;Arandu;6123.0;6123.0;6885.0;762.0
272;Arantina;2823.0;2823.0;2915.0;92.0
273;Arapeí;2493.0;2493.0;2330.0;-163.0
274;Arapiraca;214006.0;213671.0;234696.0;20690.0
275;Arapoema;6742.0;6742.0;5550.0;-1192.0
276;Araponga;8152.0;8152.0;8048.0;-104.0
277;Arapongas;104150.0;104150.0;119138.0;14988.0
278;Araporã;6144.0;6144.0;8479.0;2335.0
279;Arapoti;25855.0;25855.0;25777.0;-78.0
280;Araputanga;15342.0;15290.0;14786.0;-556.0
281;Arapuá;2775.0;2775.0;2631.0;-144.0
282;Arapuã;3561.0;3557.0;3527.0;-34.0
283;Araquari;24810.0;24810.0;45283.0;20473.0
284;Arara;12653.0;12613.0;12212.0;-441.0
285;Araranguá;61310.0;61292.0;71922.0;10612.0
286;Araraquara;208662.0;208662.0;242228.0;33566.0
287;Araras;118843.0;118843.0;130866.0;12023.0
288;Ararendá;10491.0;10501.0;11096.0;605.0
289;Arari;28488.0;28488.0;29472.0;984.0
290;Araricá;4864.0;4864.0;8525.0;3661.0
291;Araripe;20685.0;20679.0;19783.0;-902.0
292;Araripina;77302.0;78429.0;85088.0;7786.0
293;Araruama;112008.0;112228.0;129671.0;17663.0
294;Araruna;32298.0;32102.0;31674.0;-624.0
295;Arataca;10392.0;11361.0;10191.0;-201.0
296;Aratiba;6565.0;6565.0;6483.0;-82.0
297;Aratuba;11529.0;12016.0;11224.0;-305.0
298;Aratuípe;8599.0;8536.0;8677.0;78.0
299;Araucária;119123.0;119123.0;151666.0;32543.0
300;Arauá;10878.0;10878.0;10318.0;-560.0
301;Araxá;93672.0;93672.0;111691.0;18019.0
302;Araçagi;17224.0;17199.0;16646.0;-578.0
303;Araçariguama;17080.0;17080.0;21522.0;4442.0
304;Araçatuba;181579.0;181579.0;200124.0;18545.0
305;Araçaí;2243.0;2243.0;2181.0;-62.0
306;Araçoiaba;18156.0;18156.0;19243.0;1087.0
307;Araçoiaba da Serra;27299.0;27299.0;32443.0;5144.0
308;Araçu;3802.0;3802.0;3799.0;-3.0
309;Araçuaí;36013.0;36013.0;34297.0;-1716.0
310;Araçás;11561.0;11625.0;11557.0;-4.0
311;Araújos;7883.0;7883.0;9199.0;1316.0
312;Arceburgo;9509.0;9509.0;9177.0;-332.0
313;Arco-Íris;1925.0;1925.0;2044.0;119.0
314;Arcos;36597.0;36597.0;41416.0;4819.0
315;Arcoverde;68793.0;68253.0;77742.0;8949.0
316;Areado;13731.0;13731.0;13881.0;150.0
317;Areal;11423.0;11423.0;11828.0;405.0
318;Arealva;7841.0;7841.0;8130.0;289.0
319;Areia;23829.0;23742.0;22633.0;-1196.0
320;Areia Branca;42172.0;42172.0;42174.0;2.0
321;Areia de Baraúnas;1927.0;2183.0;2005.0;78.0
322;Areial;6470.0;6624.0;7128.0;658.0
323;Areias;3696.0;3696.0;3577.0;-119.0
324;Areiópolis;10579.0;10579.0;10130.0;-449.0
325;Arenápolis;10316.0;10316.0;10576.0;260.0
326;Arenópolis;3277.0;3277.0;2946.0;-331.0
327;Argirita;2901.0;2901.0;2688.0;-213.0
328;Aricanduva;4770.0;4770.0;4719.0;-51.0
329;Arinos;17674.0;17674.0;17272.0;-402.0
330;Aripuanã;18656.0;18656.0;24626.0;5970.0
331;Ariquemes;90353.0;90353.0;96833.0;6480.0
332;Ariranha;8547.0;8547.0;7602.0;-945.0
333;Ariranha do Ivaí;2453.0;2413.0;2329.0;-124.0
334;Armazém;7753.0;7753.0;8834.0;1081.0
335;Armação dos Búzios;27560.0;27560.0;40006.0;12446.0
336;Arneiroz;7650.0;7650.0;7429.0;-221.0
337;Aroazes;5779.0;5779.0;5369.0;-410.0
338;Aroeiras;19082.0;19082.0;18705.0;-377.0
339;Aroeiras do Itaim;2440.0;2490.0;2690.0;250.0
340;Arraial;4688.0;4688.0;4520.0;-168.0
341;Arraial do Cabo;27715.0;27496.0;30986.0;3271.0
342;Arraias;10645.0;10645.0;10287.0;-358.0
343;Arroio Grande;18470.0;18470.0;17558.0;-912.0
344;Arroio Trinta;3502.0;3502.0;3556.0;54.0
345;Arroio do Meio;18783.0;18783.0;21958.0;3175.0
346;Arroio do Padre;2730.0;2730.0;2599.0;-131.0
347;Arroio do Sal;7740.0;7740.0;11057.0;3317.0
348;Arroio do Tigre;12648.0;12708.0;12058.0;-590.0
349;Arroio dos Ratos;13606.0;13606.0;14601.0;995.0
350;Artur Nogueira;44177.0;44177.0;51456.0;7279.0
351;Aruanã;7496.0;7496.0;8300.0;804.0
352;Arujá;74905.0;74905.0;86678.0;11773.0
353;Arvoredo;2260.0;2260.0;2510.0;250.0
354;Arvorezinha;10225.0;10194.0;10322.0;97.0
355;Arês;12924.0;12924.0;13251.0;327.0
356;Ascurra;7412.0;7403.0;8319.0;907.0
357;Aspásia;1809.0;1809.0;1842.0;33.0
358;Assaré;22445.0;22398.0;21697.0;-748.0
359;Assaí;16354.0;16354.0;13797.0;-2557.0
360;Assis;95144.0;95144.0;101409.0;6265.0
361;Assis Brasil;6072.0;6072.0;8100.0;2028.0
362;Assis Chateaubriand;33025.0;33037.0;36808.0;3783.0
363;Assunção;3522.0;3594.0;4152.0;630.0
364;Assunção do Piauí;7503.0;7503.0;7452.0;-51.0
365;Astolfo Dutra;13049.0;13049.0;14138.0;1089.0
366;Astorga;24698.0;24698.0;25475.0;777.0
367;Atalaia;48235.0;48239.0;41492.0;-6743.0
368;Atalaia do Norte;15153.0;15153.0;15314.0;161.0
369;Atalanta;3300.0;3300.0;3227.0;-73.0
370;Ataléia;14455.0;14455.0;13736.0;-719.0
371;Atibaia;126603.0;126603.0;158647.0;32044.0
372;Atílio Vivácqua;9850.0;10135.0;10540.0;690.0
373;Augustinópolis;15950.0;15950.0;17484.0;1534.0
374;Augusto Corrêa;40497.0;40497.0;44573.0;4076.0
375;Augusto Pestana;7096.0;7116.0;7149.0;53.0
376;Augusto de Lima;4960.0;4960.0;4538.0;-422.0
377;Aurelino Leal;13595.0;13552.0;11179.0;-2416.0
378;Auriflama;14202.0;14202.0;13692.0;-510.0
379;Aurilândia;3650.0;3654.0;3284.0;-366.0
380;Aurora;30115.0;30117.0;30494.0;379.0
381;Aurora do Pará;26546.0;26546.0;23774.0;-2772.0
382;Aurora do Tocantins;3446.0;3446.0;3342.0;-104.0
383;Autazes;32135.0;32135.0;41564.0;9429.0
384;Avanhandava;11310.0;11310.0;11263.0;-47.0
385;Avaré;82934.0;82934.0;92805.0;9871.0
386;Avaí;4959.0;4959.0;4483.0;-476.0
387;Aveiro;15849.0;15849.0;18290.0;2441.0
388;Avelino Lopes;11067.0;10681.0;10866.0;-201.0
389;Avelinópolis;2450.0;2450.0;2868.0;418.0
390;Axixá;11407.0;11407.0;11790.0;383.0
391;Axixá do Tocantins;9275.0;9275.0;10262.0;987.0
392;Açailândia;104047.0;104047.0;106550.0;2503.0
393;Açu;53227.0;53227.0;56496.0;3269.0
394;Açucena;10276.0;10276.0;8943.0;-1333.0
395;Babaçulândia;10424.0;10424.0;7880.0;-2544.0
396;Bacabal;100014.0;99557.0;103711.0;3697.0
397;Bacabeira;14925.0;14925.0;16966.0;2041.0
398;Bacuri;17258.0;17548.0;16290.0;-968.0
399;Bacurituba;5293.0;5293.0;5252.0;-41.0
400;Bady Bassitt;14603.0;14603.0;27260.0;12657.0
401;Baependi;18307.0;18307.0;18366.0;59.0
402;Bagre;23864.0;23864.0;31892.0;8028.0
403;Bagé;116794.0;116794.0;117938.0;1144.0
404;Baianópolis;13850.0;13100.0;13614.0;-236.0
405;Baixa Grande;20060.0;20240.0;18220.0;-1840.0
406;Baixa Grande do Ribeiro;10516.0;10516.0;13272.0;2756.0
407;Baixio;6026.0;6026.0;5704.0;-322.0
408;Baixo Guandu;29081.0;29081.0;30674.0;1593.0
409;Baião;36882.0;36882.0;51641.0;14759.0
410;Balbinos;3702.0;3702.0;3887.0;185.0
411;Baldim;7913.0;7913.0;7492.0;-421.0
412;Baliza;3714.0;3715.0;3351.0;-363.0
413;Balneário Arroio do Silva;9586.0;9586.0;15820.0;6234.0
414;Balneário Barra do Sul;8430.0;8430.0;14912.0;6482.0
415;Balneário Camboriú;108089.0;108089.0;139155.0;31066.0
416;Balneário Gaivota;8234.0;8234.0;15669.0;7435.0
417;Balneário Pinhal;10856.0;10856.0;14955.0;4099.0
418;Balneário Piçarras;17078.0;17078.0;27127.0;10049.0
419;Balneário Rincão;0.0;10851.0;15981.0;15981.0
420;Balsa Nova;11300.0;11300.0;13395.0;2095.0
421;Balsas;83528.0;83528.0;101767.0;18239.0
422;Bambuí;22734.0;22734.0;23546.0;812.0
423;Banabuiú;17315.0;17302.0;17195.0;-120.0
424;Bananal;10223.0;10223.0;9969.0;-254.0
425;Bananeiras;21851.0;21315.0;23134.0;1283.0
426;Bandeira;4987.0;4987.0;4741.0;-246.0
427;Bandeira do Sul;5338.0;5338.0;5943.0;605.0
428;Bandeirante;2906.0;2906.0;3144.0;238.0
429;Bandeirantes;38793.0;39161.0;39213.0;420.0
430;Bandeirantes do Tocantins;3122.0;3122.0;3407.0;285.0
431;Bannach;3431.0;3431.0;4031.0;600.0
432;Banzaê;11814.0;12854.0;11958.0;144.0
433;Baraúna;28402.0;28392.0;31675.0;3273.0
434;Barbacena;126284.0;126284.0;125317.0;-967.0
435;Barbalha;55323.0;55523.0;75033.0;19710.0
436;Barbosa;6593.0;6593.0;5640.0;-953.0
437;Barbosa Ferraz;12656.0;12656.0;10795.0;-1861.0
438;Barcarena;99859.0;99859.0;126650.0;26791.0
439;Barcelona;3950.0;3950.0;3986.0;36.0
440;Barcelos;25718.0;25718.0;18834.0;-6884.0
441;Bariri;31593.0;31593.0;31595.0;2.0
442;Barra;49325.0;49291.0;51092.0;1767.0
443;Barra Bonita;37124.0;37135.0;36014.0;-1110.0
444;Barra D'Alcântara;3852.0;3852.0;3995.0;143.0
445;Barra Funda;2367.0;2367.0;2498.0;131.0
446;Barra Longa;6143.0;6143.0;5666.0;-477.0
447;Barra Mansa;177813.0;176947.0;169894.0;-7919.0
448;Barra Velha;22386.0;22386.0;45369.0;22983.0
449;Barra da Estiva;21187.0;22173.0;26026.0;4839.0
450;Barra de Guabiraba;12776.0;12896.0;12263.0;-513.0
451;Barra de Santa Rosa;14157.0;14157.0;12904.0;-1253.0
452;Barra de Santana;8206.0;8278.0;8059.0;-147.0
453;Barra de Santo Antônio;14230.0;14230.0;16365.0;2135.0
454;Barra de São Francisco;40649.0;40649.0;42498.0;1849.0
455;Barra de São Miguel;13185.0;13245.0;13850.0;665.0
456;Barra do Bugres;31793.0;31146.0;29403.0;-2390.0
457;Barra do Chapéu;5244.0;5244.0;5179.0;-65.0
458;Barra do Choça;34788.0;34817.0;36539.0;1751.0
459;Barra do Corda;82830.0;82580.0;84532.0;1702.0
460;Barra do Garças;56560.0;56315.0;69210.0;12650.0
461;Barra do Guarita;3089.0;3089.0;3161.0;72.0
462;Barra do Jacaré;2727.0;2727.0;2814.0;87.0
463;Barra do Mendes;13987.0;13233.0;13836.0;-151.0
464;Barra do Ouro;4123.0;4123.0;4476.0;353.0
465;Barra do Piraí;94778.0;94808.0;92883.0;-1895.0
466;Barra do Quaraí;4012.0;4012.0;4241.0;229.0
467;Barra do Ribeiro;12572.0;12572.0;12225.0;-347.0
468;Barra do Rio Azul;2003.0;2003.0;1696.0;-307.0
469;Barra do Rocha;6313.0;6591.0;5775.0;-538.0
470;Barra do Turvo;7729.0;7729.0;6876.0;-853.0
471;Barra dos Coqueiros;24976.0;24976.0;41511.0;16535.0
472;Barracão;15092.0;15092.0;14590.0;-502.0
473;Barras;44850.0;44850.0;47938.0;3088.0
474;Barreira;19573.0;20653.0;22392.0;2819.0
475;Barreiras;137427.0;137427.0;159734.0;22307.0
476;Barreiras do Piauí;3234.0;3234.0;3264.0;30.0
477;Barreirinha;27355.0;27355.0;31051.0;3696.0
478;Barreirinhas;54930.0;55029.0;65589.0;10659.0
479;Barreiros;40732.0;40732.0;40121.0;-611.0
480;Barretos;112101.0;112101.0;122485.0;10384.0
481;Barrinha;28496.0;28496.0;32092.0;3596.0
482;Barro;21514.0;21520.0;19381.0;-2133.0
483;Barro Alto;22328.0;22160.0;23824.0;1496.0
484;Barro Duro;6607.0;6919.0;6640.0;33.0
485;Barro Preto;6453.0;6873.0;5833.0;-620.0
486;Barrocas;14191.0;14429.0;15203.0;1012.0
487;Barrolândia;5349.0;5349.0;4846.0;-503.0
488;Barroquinha;14476.0;14476.0;14567.0;91.0
489;Barros Cassal;11133.0;11133.0;9296.0;-1837.0
490;Barroso;19599.0;19599.0;20080.0;481.0
491;Barueri;240749.0;240749.0;316473.0;75724.0
492;Barão;5741.0;5735.0;6461.0;720.0
493;Barão de Antonina;3116.0;3116.0;3531.0;415.0
494;Barão de Cocais;28442.0;28241.0;30778.0;2336.0
495;Barão de Cotegipe;6529.0;6526.0;7144.0;615.0
496;Barão de Grajaú;17841.0;17493.0;18984.0;1143.0
497;Barão de Melgaço;7591.0;7961.0;7253.0;-338.0
498;Barão de Monte Alto;5720.0;5720.0;4964.0;-756.0
499;Barão do Triunfo;7018.0;7018.0;5889.0;-1129.0
500;Bastos;20445.0;20445.0;21503.0;1058.0
501;Bataguassu;19839.0;19839.0;23031.0;3192.0
502;Batalha;42850.0;42543.0;42748.0;-102.0
503;Batatais;56476.0;56476.0;58402.0;1926.0
504;Batayporã;10936.0;10939.0;10712.0;-224.0
505;Baturité;33321.0;33302.0;35218.0;1897.0
506;Bauru;343937.0;343937.0;379146.0;35209.0
507;Bayeux;99716.0;92350.0;82742.0;-16974.0
508;Baía Formosa;8573.0;8573.0;8825.0;252.0
509;Baía da Traição;8012.0;7971.0;9224.0;1212.0
510;Bebedouro;75035.0;75035.0;76373.0;1338.0
511;Beberibe;49311.0;49095.0;53114.0;3803.0
512;Bela Cruz;30878.0;30745.0;32775.0;1897.0
513;Bela Vista;23181.0;23192.0;21613.0;-1568.0
514;Bela Vista da Caroba;3945.0;3945.0;4031.0;86.0
515;Bela Vista de Goiás;24554.0;24613.0;34445.0;9891.0
516;Bela Vista de Minas;10004.0;10004.0;10167.0;163.0
517;Bela Vista do Maranhão;12049.0;10349.0;11750.0;-299.0
518;Bela Vista do Paraíso;15079.0;15079.0;14833.0;-246.0
519;Bela Vista do Piauí;3778.0;3778.0;4091.0;313.0
520;Bela Vista do Toldo;6004.0;6004.0;5872.0;-132.0
521;Belford Roxo;469332.0;480487.0;483087.0;13755.0
522;Belmiro Braga;3403.0;3403.0;3244.0;-159.0
523;Belmonte;24433.0;24439.0;22779.0;-1654.0
524;Belo Campo;16021.0;17851.0;18412.0;2391.0
525;Belo Horizonte;2375151.0;2375609.0;2315560.0;-59591.0
526;Belo Jardim;72432.0;72432.0;79507.0;7075.0
527;Belo Monte;7030.0;6476.0;5936.0;-1094.0
528;Belo Oriente;23397.0;23397.0;23928.0;531.0
529;Belo Vale;7536.0;7536.0;8627.0;1091.0
530;Belterra;16318.0;16318.0;18099.0;1781.0
531;Belágua;6524.0;6782.0;8460.0;1936.0
532;Belém;1415043.0;1415329.0;1324526.0;-90517.0
533;Belém de Maria;11353.0;11353.0;10378.0;-975.0
534;Belém do Brejo do Cruz;7143.0;7143.0;6268.0;-875.0
535;Belém do Piauí;3284.0;3284.0;3423.0;139.0
536;Belém do São Francisco;20253.0;20253.0;18301.0;-1952.0
537;Beneditinos;9911.0;10170.0;9929.0;18.0
538;Benedito Leite;5469.0;5469.0;5469.0;0.0
539;Benedito Novo;10336.0;10338.0;10520.0;184.0
540;Benevides;51651.0;51651.0;63567.0;11916.0
541;Benjamin Constant;33411.0;33411.0;37648.0;4237.0
542;Benjamin Constant do Sul;2307.0;2307.0;2082.0;-225.0
543;Bento Fernandes;5113.0;5113.0;4807.0;-306.0
544;Bento Gonçalves;107278.0;104659.0;123151.0;15873.0
545;Bento de Abreu;2674.0;2674.0;2606.0;-68.0
546;Bequimão;20344.0;20674.0;19584.0;-760.0
547;Berilo;12300.0;12300.0;9826.0;-2474.0
548;Berizal;4370.0;4370.0;4201.0;-169.0
549;Bernardino Batista;3075.0;3145.0;3504.0;429.0
550;Bernardino de Campos;10775.0;10775.0;11607.0;832.0
551;Bernardo Sayão;4456.0;4456.0;4229.0;-227.0
552;Bernardo do Mearim;5996.0;5647.0;5840.0;-156.0
553;Bertioga;47645.0;47645.0;64188.0;16543.0
554;Bertolínia;5319.0;5319.0;5562.0;243.0
555;Bertópolis;4498.0;4498.0;4451.0;-47.0
556;Beruri;15486.0;15486.0;20718.0;5232.0
557;Betim;378089.0;379138.0;411846.0;33757.0
558;Betânia;12003.0;12003.0;11232.0;-771.0
559;Betânia do Piauí;6015.0;6015.0;6220.0;205.0
560;Bezerros;58668.0;58668.0;61694.0;3026.0
561;Bias Fortes;3793.0;3793.0;3361.0;-432.0
562;Bicas;13653.0;13653.0;13978.0;325.0
563;Biguaçu;58206.0;58206.0;76773.0;18567.0
564;Bilac;7048.0;7048.0;7319.0;271.0
565;Biquinhas;2630.0;2630.0;2383.0;-247.0
566;Birigui;108728.0;108728.0;118979.0;10251.0
567;Biritiba Mirim;28575.0;28575.0;29683.0;1108.0
568;Biritinga;14836.0;15612.0;15146.0;310.0
569;Bituruna;15880.0;16096.0;15533.0;-347.0
570;Blumenau;309011.0;308943.0;361261.0;52250.0
571;Boa Esperança;57283.0;57275.0;58014.0;731.0
572;Boa Esperança do Iguaçu;2764.0;2764.0;2455.0;-309.0
573;Boa Esperança do Sul;13645.0;13645.0;12978.0;-667.0
574;Boa Hora;6296.0;6296.0;6902.0;606.0
575;Boa Nova;15411.0;15341.0;13690.0;-1721.0
576;Boa Ventura;5751.0;5756.0;5207.0;-544.0
577;Boa Ventura de São Roque;6554.0;6472.0;6378.0;-176.0
578;Boa Viagem;52498.0;52421.0;50411.0;-2087.0
579;Boa Vista;290540.0;290534.0;419863.0;129323.0
580;Boa Vista da Aparecida;7911.0;7939.0;7924.0;13.0
581;Boa Vista das Missões;2114.0;2114.0;1933.0;-181.0
582;Boa Vista do Buricá;6574.0;6574.0;6966.0;392.0
583;Boa Vista do Cadeado;2441.0;2441.0;2229.0;-212.0
584;Boa Vista do Gurupi;7949.0;7078.0;7574.0;-375.0
585;Boa Vista do Incra;2425.0;2425.0;2271.0;-154.0
586;Boa Vista do Ramos;14979.0;14979.0;23785.0;8806.0
587;Boa Vista do Sul;2776.0;2776.0;2779.0;3.0
588;Boa Vista do Tupim;17991.0;18630.0;16873.0;-1118.0
589;Boca da Mata;25776.0;25916.0;21187.0;-4589.0
590;Boca do Acre;30632.0;30632.0;35447.0;4815.0
591;Bocaina;15228.0;15212.0;15337.0;109.0
592;Bocaina de Minas;5007.0;5007.0;5348.0;341.0
593;Bocaina do Sul;3290.0;3290.0;3515.0;225.0
594;Bocaiúva;46654.0;46421.0;48032.0;1378.0
595;Bocaiúva do Sul;10987.0;10987.0;13299.0;2312.0
596;Bodocó;35158.0;35158.0;34478.0;-680.0
597;Bodoquena;7985.0;8072.0;8567.0;582.0
598;Bodó;2425.0;2425.0;2306.0;-119.0
599;Bofete;9618.0;9618.0;10460.0;842.0
600;Boituva;48314.0;48314.0;61081.0;12767.0
601;Bom Conselho;45503.0;45503.0;44294.0;-1209.0
602;Bom Despacho;45624.0;45624.0;51737.0;6113.0
603;Bom Jardim;102208.0;102882.0;98831.0;-3377.0
604;Bom Jardim da Serra;4395.0;4395.0;4026.0;-369.0
605;Bom Jardim de Goiás;8423.0;8435.0;7826.0;-597.0
606;Bom Jardim de Minas;6501.0;6501.0;6783.0;282.0
607;Bom Jesus;48514.0;48514.0;55013.0;6499.0
608;Bom Jesus da Lapa;63480.0;62771.0;65550.0;2070.0
609;Bom Jesus da Penha;3887.0;3887.0;4474.0;587.0
610;Bom Jesus da Serra;10113.0;10249.0;9730.0;-383.0
611;Bom Jesus das Selvas;28459.0;28459.0;28599.0;140.0
612;Bom Jesus de Goiás;20727.0;20727.0;23958.0;3231.0
613;Bom Jesus do Amparo;5491.0;5491.0;5631.0;140.0
614;Bom Jesus do Araguaia;5314.0;5314.0;7280.0;1966.0
615;Bom Jesus do Galho;15364.0;15364.0;14536.0;-828.0
616;Bom Jesus do Itabapoana;35411.0;35385.0;35173.0;-238.0
617;Bom Jesus do Norte;9476.0;9476.0;10254.0;778.0
618;Bom Jesus do Oeste;2132.0;2138.0;2187.0;55.0
619;Bom Jesus do Sul;3796.0;3796.0;3980.0;184.0
620;Bom Jesus do Tocantins;19066.0;19066.0;22043.0;2977.0
621;Bom Jesus dos Perdões;19708.0;19708.0;22006.0;2298.0
622;Bom Lugar;14818.0;14666.0;12212.0;-2606.0
623;Bom Princípio;11789.0;11789.0;13142.0;1353.0
624;Bom Princípio do Piauí;5304.0;5304.0;5636.0;332.0
625;Bom Progresso;2328.0;2328.0;2096.0;-232.0
626;Bom Repouso;10457.0;10457.0;12649.0;2192.0
627;Bom Retiro;8942.0;8942.0;8418.0;-524.0
628;Bom Retiro do Sul;11472.0;11472.0;12294.0;822.0
629;Bom Sucesso;28839.0;28839.0;28393.0;-446.0
630;Bom Sucesso de Itararé;3571.0;3571.0;3555.0;-16.0
631;Bom Sucesso do Sul;3293.0;3293.0;3202.0;-91.0
632;Bombinhas;14293.0;14293.0;25058.0;10765.0
633;Bonfim;17761.0;17761.0;21357.0;3596.0
634;Bonfim do Piauí;5393.0;5393.0;5913.0;520.0
635;Bonfinópolis;7536.0;7531.0;10296.0;2760.0
636;Bonfinópolis de Minas;5865.0;5865.0;5528.0;-337.0
637;Boninal;13695.0;13330.0;13622.0;-73.0
638;Bonito;85617.0;85958.0;89599.0;3982.0
639;Bonito de Minas;9673.0;9703.0;10204.0;531.0
640;Bonito de Santa Fé;10804.0;10818.0;10252.0;-552.0
641;Bonópolis;3503.0;3503.0;3299.0;-204.0
642;Boqueirão;16888.0;16922.0;17598.0;710.0
643;Boqueirão do Leão;7673.0;7673.0;6247.0;-1426.0
644;Boqueirão do Piauí;6193.0;6083.0;6545.0;352.0
645;Boquim;25533.0;25533.0;24636.0;-897.0
646;Boquira;22037.0;21184.0;19322.0;-2715.0
647;Boracéia;4268.0;4268.0;4715.0;447.0
648;Borba;34961.0;34961.0;33080.0;-1881.0
649;Borborema;19640.0;19491.0;18440.0;-1200.0
650;Borda da Mata;17118.0;17118.0;17404.0;286.0
651;Borebi;2293.0;2293.0;2713.0;420.0
652;Borrazópolis;7878.0;7878.0;7735.0;-143.0
653;Borá;805.0;805.0;907.0;102.0
654;Bossoroca;6884.0;6884.0;5890.0;-994.0
655;Botelhos;14920.0;14920.0;14828.0;-92.0
656;Botucatu;127328.0;127328.0;145155.0;17827.0
657;Botumirim;6497.0;6497.0;5790.0;-707.0
658;Botuporã;11154.0;10824.0;11024.0;-130.0
659;Botuverá;4468.0;4470.0;5363.0;895.0
660;Bozano;2200.0;2200.0;2151.0;-49.0
661;Braga;3702.0;3702.0;3268.0;-434.0
662;Braganey;5735.0;5735.0;4854.0;-881.0
663;Bragança;113227.0;113227.0;123082.0;9855.0
664;Bragança Paulista;146744.0;146744.0;176811.0;30067.0
665;Branquinha;10583.0;10583.0;9603.0;-980.0
666;Brasil Novo;15690.0;15690.0;24718.0;9028.0
667;Brasileira;7966.0;7966.0;8436.0;470.0
668;Brasilândia;11826.0;11826.0;11579.0;-247.0
669;Brasilândia de Minas;14226.0;14226.0;15020.0;794.0
670;Brasilândia do Sul;3209.0;3209.0;3708.0;499.0
671;Brasilândia do Tocantins;2064.0;2064.0;1974.0;-90.0
672;Brasiléia;21398.0;21398.0;26000.0;4602.0
673;Brasnorte;15357.0;15361.0;17004.0;1647.0
674;Brasília;2570160.0;2572159.0;2817381.0;247221.0
675;Brasília de Minas;31213.0;31213.0;32025.0;812.0
676;Brazabrantes;3232.0;3251.0;3992.0;760.0
677;Brazópolis;14661.0;14661.0;14246.0;-415.0
678;Braço do Norte;29018.0;29019.0;33773.0;4755.0
679;Braço do Trombudo;3457.0;3451.0;4026.0;569.0
680;Braúna;5021.0;5021.0;5356.0;335.0
681;Braúnas;5030.0;5030.0;4441.0;-589.0
682;Brejetuba;11915.0;11915.0;12985.0;1070.0
683;Brejinho;18884.0;18884.0;19922.0;1038.0
684;Brejinho de Nazaré;5185.0;5185.0;4725.0;-460.0
685;Brejo;33359.0;33359.0;34120.0;761.0
686;Brejo Alegre;2573.0;2573.0;2565.0;-8.0
687;Brejo Grande;7742.0;7742.0;7841.0;99.0
688;Brejo Grande do Araguaia;7317.0;7317.0;6783.0;-534.0
689;Brejo Santo;45193.0;45189.0;51090.0;5897.0
690;Brejo da Madre de Deus;45180.0;45180.0;48648.0;3468.0
691;Brejo de Areia;5577.0;10590.0;9218.0;3641.0
692;Brejo do Cruz;13123.0;13163.0;13613.0;490.0
693;Brejo do Piauí;3850.0;4030.0;3904.0;54.0
694;Brejo dos Santos;6198.0;6198.0;5742.0;-456.0
695;Brejolândia;11077.0;9757.0;9108.0;-1969.0
696;Brejão;8844.0;8844.0;9079.0;235.0
697;Brejões;14282.0;14711.0;12943.0;-1339.0
698;Breu Branco;52493.0;52493.0;45712.0;-6781.0
699;Breves;92860.0;92860.0;106968.0;14108.0
700;Britânia;5509.0;5509.0;5695.0;186.0
701;Brochier;4675.0;4675.0;4966.0;291.0
702;Brodowski;21107.0;21107.0;25201.0;4094.0
703;Brotas;21580.0;21580.0;23898.0;2318.0
704;Brotas de Macaúbas;10717.0;11705.0;11765.0;1048.0
705;Brumadinho;33973.0;33973.0;38915.0;4942.0
706;Brumado;64602.0;64493.0;70510.0;5908.0
707;Brunópolis;2850.0;2850.0;2489.0;-361.0
708;Brusque;105503.0;105503.0;141385.0;35882.0
709;Brás Pires;4637.0;4637.0;4260.0;-377.0
710;Bueno Brandão;10892.0;10892.0;10911.0;19.0
711;Buenos Aires;12537.0;12537.0;12808.0;271.0
712;Buenópolis;10292.0;10292.0;9150.0;-1142.0
713;Buerarema;18605.0;18377.0;14804.0;-3801.0
714;Bugre;3992.0;3900.0;4041.0;49.0
715;Bujari;8471.0;8471.0;12917.0;4446.0
716;Bujaru;25695.0;25695.0;24383.0;-1312.0
717;Buri;18563.0;18563.0;20250.0;1687.0
718;Buritama;15418.0;15418.0;17210.0;1792.0
719;Buriti;27013.0;27013.0;29685.0;2672.0
720;Buriti Alegre;9054.0;9059.0;10495.0;1441.0
721;Buriti Bravo;22899.0;22899.0;22455.0;-444.0
722;Buriti de Goiás;2560.0;2560.0;2732.0;172.0
723;Buriti do Tocantins;9768.0;9768.0;10307.0;539.0
724;Buriti dos Lopes;19074.0;19074.0;19654.0;580.0
725;Buriti dos Montes;7974.0;7866.0;7434.0;-540.0
726;Buriticupu;65237.0;65237.0;55499.0;-9738.0
727;Buritinópolis;3321.0;3319.0;3145.0;-176.0
728;Buritirama;19600.0;19753.0;19589.0;-11.0
729;Buritirana;14784.0;14784.0;12918.0;-1866.0
730;Buritis;55120.0;55120.0;52022.0;-3098.0
731;Buritizal;4053.0;4053.0;4356.0;303.0
732;Buritizeiro;26922.0;26922.0;23910.0;-3012.0
733;Butiá;20406.0;20406.0;19084.0;-1322.0
734;Buíque;52105.0;52105.0;52097.0;-8.0
735;Bálsamo;8160.0;8160.0;9596.0;1436.0
736;Caapiranga;10975.0;10975.0;13469.0;2494.0
737;Caaporã;20362.0;20362.0;21193.0;831.0
738;Caarapó;25767.0;25770.0;30612.0;4845.0
739;Caatiba;11420.0;9252.0;6205.0;-5215.0
740;Cabaceiras;5035.0;5092.0;5335.0;300.0
741;Cabaceiras do Paraguaçu;17327.0;17420.0;16559.0;-768.0
742;Cabeceira Grande;6453.0;6453.0;6627.0;174.0
743;Cabeceiras;7354.0;7354.0;7560.0;206.0
744;Cabeceiras do Piauí;9928.0;9928.0;10212.0;284.0
745;Cabedelo;57944.0;57944.0;66519.0;8575.0
746;Cabixi;6313.0;6313.0;5351.0;-962.0
747;Cabo Frio;186227.0;186264.0;222161.0;35934.0
748;Cabo Verde;13823.0;13823.0;11410.0;-2413.0
749;Cabo de Santo Agostinho;185025.0;185025.0;203440.0;18415.0
750;Cabreúva;41604.0;41604.0;47011.0;5407.0
751;Cabrobó;30873.0;30873.0;30294.0;-579.0
752;Cabrália Paulista;4365.0;4365.0;4299.0;-66.0
753;Cacaulândia;5736.0;5736.0;4150.0;-1586.0
754;Cacequi;13676.0;13676.0;11157.0;-2519.0
755;Cachoeira;32026.0;31865.0;29250.0;-2776.0
756;Cachoeira Alta;10553.0;10552.0;11513.0;960.0
757;Cachoeira Dourada;10759.0;10759.0;10097.0;-662.0
758;Cachoeira Grande;8446.0;8446.0;9732.0;1286.0
759;Cachoeira Paulista;30091.0;30091.0;31564.0;1473.0
760;Cachoeira da Prata;3654.0;3654.0;3693.0;39.0
761;Cachoeira de Goiás;1417.0;1422.0;1405.0;-12.0
762;Cachoeira de Minas;11034.0;11034.0;11883.0;849.0
763;Cachoeira de Pajeú;8959.0;8959.0;9110.0;151.0
764;Cachoeira do Arari;20443.0;20443.0;23981.0;3538.0
765;Cachoeira do Piriá;26484.0;26484.0;19630.0;-6854.0
766;Cachoeira do Sul;83827.0;83827.0;80070.0;-3757.0
767;Cachoeira dos Índios;9546.0;9546.0;9151.0;-395.0
768;Cachoeiras de Macacu;54273.0;54408.0;56943.0;2670.0
769;Cachoeirinha;139245.0;139245.0;158118.0;18873.0
770;Cachoeiro de Itapemirim;189889.0;189546.0;185786.0;-4103.0
771;Cacimba de Areia;3557.0;3498.0;3291.0;-266.0
772;Cacimba de Dentro;16748.0;16923.0;16064.0;-684.0
773;Cacimbas;6814.0;6814.0;7223.0;409.0
774;Cacimbinhas;10195.0;10300.0;10482.0;287.0
775;Cacique Doble;4868.0;4868.0;4603.0;-265.0
776;Cacoal;78574.0;78574.0;86887.0;8313.0
777;Caconde;18538.0;18301.0;17101.0;-1437.0
778;Caculé;22236.0;21541.0;22462.0;226.0
779;Caetanos;13639.0;13615.0;11266.0;-2373.0
780;Caetanópolis;10218.0;10218.0;11435.0;1217.0
781;Caetité;47515.0;48913.0;52012.0;4497.0
782;Caeté;40750.0;40750.0;38776.0;-1974.0
783;Caetés;26577.0;26577.0;28827.0;2250.0
784;Cafarnaum;17209.0;17324.0;17466.0;257.0
785;Cafeara;2695.0;2695.0;2627.0;-68.0
786;Cafelândia;31269.0;31269.0;35651.0;4382.0
787;Cafezal do Sul;4290.0;4290.0;4473.0;183.0
788;Caiabu;4072.0;4072.0;3712.0;-360.0
789;Caiana;4968.0;4968.0;5304.0;336.0
790;Caiapônia;16757.0;16762.0;16513.0;-244.0
791;Caibaté;4954.0;4967.0;4704.0;-250.0
792;Caibi;6219.0;6214.0;6304.0;85.0
793;Caicó;62709.0;62709.0;61146.0;-1563.0
794;Caieiras;86529.0;86529.0;95032.0;8503.0
795;Cairu;15374.0;15374.0;17761.0;2387.0
796;Caiuá;5039.0;5039.0;5466.0;427.0
797;Caiçara;12291.0;12210.0;11438.0;-853.0
798;Caiçara do Norte;6016.0;6295.0;6293.0;277.0
799;Caiçara do Rio do Vento;3308.0;3308.0;3268.0;-40.0
800;Cajamar;64114.0;64114.0;92689.0;28575.0
801;Cajapió;10593.0;10593.0;10121.0;-472.0
802;Cajari;18338.0;18338.0;16412.0;-1926.0
803;Cajati;28372.0;28372.0;28515.0;143.0
804;Cajazeiras;58446.0;58365.0;63239.0;4793.0
805;Cajazeiras do Piauí;3343.0;3343.0;3108.0;-235.0
806;Cajazeirinhas;3033.0;3033.0;2740.0;-293.0
807;Cajobi;9768.0;9768.0;9133.0;-635.0
808;Cajueiro;20409.0;20106.0;16024.0;-4385.0
809;Cajueiro da Praia;7163.0;7163.0;7957.0;794.0
810;Cajuri;4047.0;4047.0;4088.0;41.0
811;Cajuru;23371.0;23371.0;23830.0;459.0
812;Caldas;13633.0;13633.0;14217.0;584.0
813;Caldas Brandão;5637.0;5637.0;5753.0;116.0
814;Caldas Novas;70473.0;70487.0;98622.0;28149.0
815;Caldazinha;3325.0;3331.0;4507.0;1182.0
816;Caldeirão Grande;12491.0;12438.0;13080.0;589.0
817;Caldeirão Grande do Piauí;5671.0;5592.0;5503.0;-168.0
818;Califórnia;8069.0;8069.0;8710.0;641.0
819;Calmon;3387.0;3387.0;3443.0;56.0
820;Calumbi;5648.0;5648.0;5228.0;-420.0
821;Calçado;11125.0;11125.0;11093.0;-32.0
822;Calçoene;9000.0;9000.0;10612.0;1612.0
823;Camacan;31472.0;31173.0;22579.0;-8893.0
824;Camacho;3154.0;3154.0;2838.0;-316.0
825;Camalaú;5749.0;5749.0;6085.0;336.0
826;Camamu;35180.0;33972.0;30469.0;-4711.0
827;Camanducaia;21080.0;21080.0;26097.0;5017.0
828;Camapuã;13625.0;13628.0;13583.0;-42.0
829;Camaquã;62764.0;62764.0;62200.0;-564.0
830;Camaragibe;144466.0;144466.0;147771.0;3305.0
831;Camargo;2592.0;2592.0;2981.0;389.0
832;Camaçari;242970.0;242970.0;300372.0;57402.0
833;Cambará;23886.0;23886.0;23212.0;-674.0
834;Cambará do Sul;6542.0;6542.0;6361.0;-181.0
835;Cambira;7236.0;7236.0;9460.0;2224.0
836;Camboriú;62361.0;62361.0;103074.0;40713.0
837;Cambuci;14827.0;15128.0;14616.0;-211.0
838;Cambuquira;12602.0;12602.0;12313.0;-289.0
839;Cambuí;26488.0;26488.0;29536.0;3048.0
840;Cambé;96733.0;96987.0;107208.0;10475.0
841;Cametá;120896.0;120896.0;134184.0;13288.0
842;Camocim;60158.0;60158.0;62326.0;2168.0
843;Camocim de São Félix;17104.0;17104.0;17419.0;315.0
844;Campanha;15433.0;15433.0;15935.0;502.0
845;Campanário;3564.0;3564.0;2923.0;-641.0
846;Campestre;27284.0;27284.0;27361.0;77.0
847;Campestre da Serra;3247.0;3247.0;3242.0;-5.0
848;Campestre de Goiás;3387.0;3382.0;3755.0;368.0
849;Campestre do Maranhão;13369.0;13369.0;12301.0;-1068.0
850;Campina Grande;385213.0;384737.0;419379.0;34166.0
851;Campina Grande do Sul;38769.0;38769.0;47825.0;9056.0
852;Campina Verde;19324.0;19324.0;18011.0;-1313.0
853;Campina da Lagoa;15394.0;15394.0;15723.0;329.0
854;Campina das Missões;6117.0;6117.0;5882.0;-235.0
855;Campina do Monte Alegre;5567.0;5567.0;5954.0;387.0
856;Campina do Simão;4076.0;4076.0;3936.0;-140.0
857;Campinas;1080113.0;1081862.0;1139047.0;58934.0
858;Campinas do Piauí;5408.0;5408.0;4938.0;-470.0
859;Campinas do Sul;5506.0;5506.0;5284.0;-222.0
860;Campinaçu;3656.0;3660.0;3708.0;52.0
861;Campinorte;11111.0;11003.0;12510.0;1399.0
862;Campinápolis;14305.0;14291.0;15347.0;1042.0
863;Campo Alegre;62564.0;62869.0;44607.0;-17957.0
864;Campo Alegre de Goiás;6060.0;6060.0;7422.0;1362.0
865;Campo Alegre de Lourdes;28090.0;28021.0;30671.0;2581.0
866;Campo Alegre do Fidalgo;4693.0;4693.0;4616.0;-77.0
867;Campo Azul;3684.0;3684.0;3714.0;30.0
868;Campo Belo;51544.0;51544.0;52277.0;733.0
869;Campo Belo do Sul;7483.0;7483.0;7257.0;-226.0
870;Campo Bom;60074.0;62091.0;62886.0;2812.0
871;Campo Bonito;4407.0;4407.0;4027.0;-380.0
872;Campo Erê;9370.0;9370.0;9623.0;253.0
873;Campo Florido;6870.0;6870.0;8466.0;1596.0
874;Campo Formoso;66616.0;67059.0;71377.0;4761.0
875;Campo Grande;805118.0;805307.0;915973.0;110855.0
876;Campo Grande do Piauí;5592.0;5592.0;6020.0;428.0
877;Campo Largo;112377.0;112213.0;136327.0;23950.0
878;Campo Largo do Piauí;6803.0;6803.0;7419.0;616.0
879;Campo Limpo Paulista;74074.0;74074.0;77632.0;3558.0
880;Campo Limpo de Goiás;6241.0;6241.0;8081.0;1840.0
881;Campo Magro;24843.0;24843.0;30160.0;5317.0
882;Campo Maior;45177.0;45177.0;45793.0;616.0
883;Campo Mourão;87194.0;87177.0;99432.0;12238.0
884;Campo Novo;5459.0;5459.0;4975.0;-484.0
885;Campo Novo de Rondônia;12665.0;12665.0;8844.0;-3821.0
886;Campo Novo do Parecis;27577.0;27573.0;45899.0;18322.0
887;Campo Redondo;10266.0;10266.0;10215.0;-51.0
888;Campo Verde;31589.0;31348.0;44585.0;12996.0
889;Campo do Brito;16749.0;16749.0;18149.0;1400.0
890;Campo do Meio;11476.0;11476.0;11377.0;-99.0
891;Campo do Tenente;7125.0;7125.0;7508.0;383.0
892;Campos Altos;14206.0;14206.0;12979.0;-1227.0
893;Campos Belos;18410.0;18410.0;18108.0;-302.0
894;Campos Borges;3494.0;3494.0;3613.0;119.0
895;Campos Gerais;27600.0;27600.0;26105.0;-1495.0
896;Campos Lindos;8139.0;8139.0;8653.0;514.0
897;Campos Novos;32824.0;32819.0;36932.0;4108.0
898;Campos Novos Paulista;4539.0;4539.0;4888.0;349.0
899;Campos Sales;26506.0;26478.0;25135.0;-1371.0
900;Campos Verdes;5020.0;5020.0;4005.0;-1015.0
901;Campos de Júlio;5154.0;5154.0;8822.0;3668.0
902;Campos do Jordão;47789.0;47789.0;46974.0;-815.0
903;Campos dos Goytacazes;463731.0;464066.0;483540.0;19809.0
904;Camutanga;8156.0;8168.0;7750.0;-406.0
905;Cana Verde;5589.0;5589.0;5272.0;-317.0
906;Canabrava do Norte;4786.0;4788.0;4485.0;-301.0
907;Cananéia;12226.0;12226.0;12289.0;63.0
908;Canapi;17250.0;17338.0;15559.0;-1691.0
909;Canarana;42821.0;42949.0;50064.0;7243.0
910;Canas;4385.0;4385.0;4931.0;546.0
911;Canavieira;3921.0;3921.0;3414.0;-507.0
912;Canavieiras;32336.0;32357.0;32683.0;347.0
913;Canaã;4628.0;4628.0;4715.0;87.0
914;Canaã dos Carajás;26716.0;26716.0;77079.0;50363.0
915;Candeal;8895.0;8837.0;7772.0;-1123.0
916;Candeias;97753.0;96229.0;86383.0;-11370.0
917;Candeias do Jamari;19779.0;19779.0;22310.0;2531.0
918;Candelária;30171.0;30171.0;28906.0;-1265.0
919;Candiba;13210.0;13557.0;13016.0;-194.0
920;Candiota;8771.0;8771.0;10710.0;1939.0
921;Candói;14983.0;14983.0;14973.0;-10.0
922;Canela;39229.0;39227.0;48946.0;9717.0
923;Canelinha;10603.0;10603.0;12821.0;2218.0
924;Canguaretama;30916.0;30916.0;29668.0;-1248.0
925;Canguçu;53259.0;53259.0;49680.0;-3579.0
926;Canhoba;3956.0;3956.0;3791.0;-165.0
927;Canhotinho;24521.0;24521.0;24329.0;-192.0
928;Canindé;74473.0;73228.0;74174.0;-299.0
929;Canindé de São Francisco;24686.0;24654.0;26834.0;2148.0
930;Canitar;4369.0;4369.0;6283.0;1914.0
931;Canoas;323827.0;323827.0;347657.0;23830.0
932;Canoinhas;52765.0;52779.0;55016.0;2251.0
933;Cansanção;32908.0;33668.0;37439.0;4531.0
934;Cantagalo;36977.0;36977.0;34297.0;-2680.0
935;Cantanhede;20448.0;20448.0;24303.0;3855.0
936;Canto do Buriti;20020.0;20020.0;19365.0;-655.0
937;Cantá;13902.0;13902.0;18682.0;4780.0
938;Canudos;15732.0;15522.0;16105.0;373.0
939;Canudos do Vale;1807.0;1809.0;1656.0;-151.0
940;Canutama;12738.0;13695.0;16869.0;4131.0
941;Canápolis;20775.0;21033.0;20833.0;58.0
942;Capanema;82165.0;82165.0;90875.0;8710.0
943;Caparaó;5209.0;5209.0;5048.0;-161.0
944;Capela;47838.0;48128.0;46677.0;-1161.0
945;Capela Nova;4755.0;4755.0;4362.0;-393.0
946;Capela de Santana;11612.0;10462.0;11159.0;-453.0
947;Capela do Alto;17532.0;17532.0;22866.0;5334.0
948;Capela do Alto Alegre;11527.0;11609.0;10744.0;-783.0
949;Capelinha;34803.0;34477.0;39626.0;4823.0
950;Capetinga;7089.0;7089.0;6562.0;-527.0
951;Capim;5601.0;5601.0;6970.0;1369.0
952;Capim Branco;8881.0;8881.0;10663.0;1782.0
953;Capim Grosso;26577.0;28093.0;33235.0;6658.0
954;Capinzal;20769.0;20769.0;23314.0;2545.0
955;Capinzal do Norte;10698.0;10698.0;11374.0;676.0
956;Capinópolis;15290.0;15290.0;14655.0;-635.0
957;Capistrano;17062.0;16963.0;17254.0;192.0
958;Capitão;2636.0;2636.0;2921.0;285.0
959;Capitão Andrade;4925.0;4925.0;4585.0;-340.0
960;Capitão Enéas;14206.0;14206.0;14108.0;-98.0
961;Capitão Gervásio Oliveira;3878.0;3878.0;3974.0;96.0
962;Capitão Leônidas Marques;14970.0;14998.0;14648.0;-322.0
963;Capitão Poço;51893.0;51893.0;56506.0;4613.0
964;Capitão de Campos;10953.0;10894.0;11100.0;147.0
965;Capitólio;8183.0;8183.0;10380.0;2197.0
966;Capivari;48576.0;48576.0;50068.0;1492.0
967;Capivari de Baixo;21674.0;21674.0;23975.0;2301.0
968;Capivari do Sul;3890.0;3890.0;3991.0;101.0
969;Capixaba;8798.0;8798.0;10392.0;1594.0
970;Capoeiras;19593.0;19581.0;18338.0;-1255.0
971;Caputira;9030.0;9030.0;8936.0;-94.0
972;Capão Alto;2753.0;2753.0;2625.0;-128.0
973;Capão Bonito;46178.0;46178.0;46337.0;159.0
974;Capão Bonito do Sul;1754.0;1754.0;1733.0;-21.0
975;Capão da Canoa;42040.0;42040.0;63594.0;21554.0
976;Capão do Cipó;3104.0;3104.0;3119.0;15.0
977;Capão do Leão;24298.0;24298.0;26487.0;2189.0
978;Caracaraí;18398.0;18398.0;20957.0;2559.0
979;Caracol;15610.0;15610.0;15354.0;-256.0
980;Caraguatatuba;100840.0;100840.0;134873.0;34033.0
981;Carambeí;19163.0;19163.0;23283.0;4120.0
982;Caranaíba;3288.0;3288.0;2933.0;-355.0
983;Carandaí;23346.0;23427.0;23812.0;466.0
984;Carangola;32296.0;32296.0;31240.0;-1056.0
985;Carapebus;13359.0;13330.0;13847.0;488.0
986;Carapicuíba;369584.0;369584.0;386984.0;17400.0
987;Caratinga;85239.0;85207.0;87360.0;2121.0
988;Carauari;25774.0;25774.0;28742.0;2968.0
989;Caravelas;21414.0;20833.0;20580.0;-834.0
990;Carazinho;59317.0;59317.0;61804.0;2487.0
991;Caraá;7312.0;7312.0;7394.0;82.0
992;Caraí;22343.0;22343.0;19548.0;-2795.0
993;Caraíbas;10222.0;10222.0;9940.0;-282.0
994;Caraúbas;23475.0;23475.0;23671.0;196.0
995;Caraúbas do Piauí;5525.0;5525.0;5630.0;105.0
996;Carbonita;9148.0;9148.0;8512.0;-636.0
997;Cardeal da Silva;8899.0;8609.0;8365.0;-534.0
998;Cardoso;11805.0;11805.0;11345.0;-460.0
999;Cardoso Moreira;12600.0;12600.0;12958.0;358.0
1000;Careaçu;6298.0;6298.0;6816.0;518.0
1001;Careiro;32734.0;32734.0;30792.0;-1942.0
1002;Careiro da Várzea;23930.0;23930.0;19637.0;-4293.0
1003;Cariacica;348738.0;348738.0;353491.0;4753.0
1004;Caridade;20020.0;19956.0;16377.0;-3643.0
1005;Caridade do Piauí;4826.0;4783.0;5033.0;207.0
1006;Carinhanha;28380.0;27948.0;28869.0;489.0
1007;Carira;20007.0;20199.0;19939.0;-68.0
1008;Cariri do Tocantins;3756.0;3756.0;4007.0;251.0
1009;Caririaçu;26393.0;26236.0;26320.0;-73.0
1010;Cariré;18347.0;17987.0;17632.0;-715.0
1011;Cariús;18567.0;18320.0;17015.0;-1552.0
1012;Carlinda;10990.0;11011.0;10332.0;-658.0
1013;Carlos Barbosa;25192.0;25162.0;30420.0;5228.0
1014;Carlos Chagas;20069.0;20069.0;18615.0;-1454.0
1015;Carlos Gomes;1607.0;1607.0;1368.0;-239.0
1016;Carlópolis;13706.0;13706.0;16905.0;3199.0
1017;Carmo;17434.0;17269.0;17198.0;-236.0
1018;Carmo da Cachoeira;11836.0;11836.0;11547.0;-289.0
1019;Carmo da Mata;10927.0;10927.0;11019.0;92.0
1020;Carmo de Minas;13750.0;13750.0;13797.0;47.0
1021;Carmo do Cajuru;20012.0;20012.0;23479.0;3467.0
1022;Carmo do Paranaíba;29735.0;29735.0;29011.0;-724.0
1023;Carmo do Rio Claro;20426.0;20426.0;20954.0;528.0
1024;Carmo do Rio Verde;8928.0;8938.0;9710.0;782.0
1025;Carmolândia;2316.0;2316.0;2201.0;-115.0
1026;Carmésia;2446.0;2446.0;2605.0;159.0
1027;Carmópolis;13503.0;13503.0;13853.0;350.0
1028;Carmópolis de Minas;17048.0;17048.0;18003.0;955.0
1029;Carnaubais;9762.0;9495.0;9714.0;-48.0
1030;Carnaubal;16746.0;16537.0;17210.0;464.0
1031;Carnaubeira da Penha;11782.0;11782.0;12239.0;457.0
1032;Carnaíba;18574.0;18574.0;18644.0;70.0
1033;Carnaúba dos Dantas;7429.0;7429.0;7992.0;563.0
1034;Carneirinho;9471.0;9471.0;9422.0;-49.0
1035;Carneiros;8290.0;8415.0;8999.0;709.0
1036;Caroebe;8114.0;8114.0;10656.0;2542.0
1037;Carolina;23959.0;23818.0;24062.0;103.0
1038;Carpina;74858.0;74858.0;79293.0;4435.0
1039;Carrancas;3948.0;3948.0;4049.0;101.0
1040;Carrapateira;2378.0;2378.0;2312.0;-66.0
1041;Carrasco Bonito;3688.0;3688.0;3318.0;-370.0
1042;Caruaru;314912.0;314912.0;378048.0;63136.0
1043;Carutapera;22006.0;22006.0;24238.0;2232.0
1044;Carvalhos;4556.0;4556.0;4422.0;-134.0
1045;Carvalhópolis;3341.0;3341.0;3341.0;0.0
1046;Casa Branca;28307.0;28307.0;28083.0;-224.0
1047;Casa Grande;2244.0;2244.0;2214.0;-30.0
1048;Casa Nova;64940.0;64940.0;72086.0;7146.0
1049;Casca;8651.0;8651.0;9465.0;814.0
1050;Cascalho Rico;2857.0;2857.0;2712.0;-145.0
1051;Cascavel;352347.0;352074.0;420771.0;68424.0
1052;Caseara;4601.0;4601.0;4847.0;246.0
1053;Caseiros;3007.0;3007.0;3000.0;-7.0
1054;Casimiro de Abreu;35347.0;35347.0;46110.0;10763.0
1055;Casinhas;13766.0;13766.0;12967.0;-799.0
1056;Casserengue;7058.0;7062.0;6889.0;-169.0
1057;Cassilândia;20966.0;20966.0;20988.0;22.0
1058;Castanhal;173149.0;173149.0;192256.0;19107.0
1059;Castanheira;8231.0;8219.0;7506.0;-725.0
1060;Castanheiras;3575.0;3575.0;3233.0;-342.0
1061;Castelo;34747.0;34747.0;36930.0;2183.0
1062;Castelo do Piauí;18336.0;19262.0;19288.0;952.0
1063;Castelândia;3638.0;3638.0;2985.0;-653.0
1064;Castilho;18003.0;18003.0;19977.0;1974.0
1065;Castro;67084.0;67084.0;73075.0;5991.0
1066;Castro Alves;25408.0;25222.0;24712.0;-696.0
1067;Cataguases;69757.0;69757.0;66261.0;-3496.0
1068;Catalão;86647.0;86644.0;114427.0;27780.0
1069;Catanduva;112820.0;112820.0;115791.0;2971.0
1070;Catanduvas;19757.0;19757.0;21012.0;1255.0
1071;Catarina;18745.0;18705.0;10243.0;-8502.0
1072;Catas Altas;4846.0;4846.0;5473.0;627.0
1073;Catas Altas da Noruega;3462.0;3462.0;3110.0;-352.0
1074;Catende;37820.0;37820.0;32156.0;-5664.0
1075;Catiguá;7127.0;7127.0;7003.0;-124.0
1076;Catingueira;4812.0;4812.0;4491.0;-321.0
1077;Catolândia;2612.0;3297.0;3434.0;822.0
1078;Catolé do Rocha;28759.0;28818.0;30661.0;1902.0
1079;Catu;51077.0;51028.0;48148.0;-2929.0
1080;Catuji;6708.0;6708.0;7030.0;322.0
1081;Catunda;9952.0;9828.0;10444.0;492.0
1082;Caturama;8843.0;9260.0;8841.0;-2.0
1083;Caturaí;4686.0;4686.0;5184.0;498.0
1084;Caturité;4543.0;4563.0;5254.0;711.0
1085;Catuti;5102.0;5102.0;4739.0;-363.0
1086;Catuípe;9323.0;9325.0;8674.0;-649.0
1087;Caucaia;325441.0;319637.0;355679.0;30238.0
1088;Cavalcante;9392.0;9392.0;9583.0;191.0
1089;Caxambu;21705.0;21705.0;21056.0;-649.0
1090;Caxambu do Sul;4411.0;4411.0;4614.0;203.0
1091;Caxias;155129.0;155692.0;156973.0;1844.0
1092;Caxias do Sul;435564.0;435551.0;463501.0;27937.0
1093;Caxingó;5039.0;5039.0;5496.0;457.0
1094;Caçador;70762.0;70762.0;73720.0;2958.0
1095;Caçapava;84752.0;84752.0;96202.0;11450.0
1096;Caçapava do Sul;33690.0;33690.0;32515.0;-1175.0
1097;Caçu;13283.0;13283.0;13774.0;491.0
1098;Caém;10368.0;10522.0;10384.0;16.0
1099;Ceará-Mirim;68141.0;68141.0;79115.0;10974.0
1100;Cedral;18269.0;18269.0;22826.0;4557.0
1101;Cedro;35305.0;35570.0;32862.0;-2443.0
1102;Cedro de São João;5633.0;5633.0;5391.0;-242.0
1103;Cedro do Abaeté;1210.0;1210.0;1081.0;-129.0
1104;Celso Ramos;2771.0;2771.0;2805.0;34.0
1105;Centenário;5531.0;5531.0;4852.0;-679.0
1106;Centenário do Sul;11190.0;11190.0;10832.0;-358.0
1107;Central;17013.0;16789.0;16348.0;-665.0
1108;Central de Minas;6772.0;6772.0;6171.0;-601.0
1109;Central do Maranhão;7887.0;7887.0;7094.0;-793.0
1110;Centralina;10266.0;10195.0;10207.0;-59.0
1111;Centro Novo do Maranhão;17622.0;19203.0;16267.0;-1355.0
1112;Centro do Guilherme;12565.0;11273.0;12342.0;-223.0
1113;Cerejeiras;17029.0;17029.0;15890.0;-1139.0
1114;Ceres;20722.0;20712.0;22046.0;1324.0
1115;Cerqueira César;17532.0;17532.0;21469.0;3937.0
1116;Cerquilho;39617.0;39617.0;44695.0;5078.0
1117;Cerrito;6402.0;6402.0;5808.0;-594.0
1118;Cerro Azul;16938.0;16938.0;16134.0;-804.0
1119;Cerro Branco;4454.0;4454.0;3802.0;-652.0
1120;Cerro Corá;10916.0;10916.0;11000.0;84.0
1121;Cerro Grande;2417.0;2417.0;2379.0;-38.0
1122;Cerro Grande do Sul;10268.0;10268.0;9178.0;-1090.0
1123;Cerro Largo;13289.0;13289.0;13705.0;416.0
1124;Cerro Negro;3581.0;3581.0;3317.0;-264.0
1125;Cesário Lange;15540.0;15540.0;19048.0;3508.0
1126;Cezarina;7545.0;7542.0;8090.0;545.0
1127;Chalé;5645.0;5645.0;6075.0;430.0
1128;Chapada;9377.0;9377.0;9540.0;163.0
1129;Chapada Gaúcha;10805.0;10805.0;12355.0;1550.0
1130;Chapada da Natividade;3277.0;3277.0;3117.0;-160.0
1131;Chapada de Areia;1335.0;1335.0;1501.0;166.0
1132;Chapada do Norte;15189.0;15189.0;10337.0;-4852.0
1133;Chapada dos Guimarães;17821.0;18047.0;18990.0;1169.0
1134;Chapadinha;73350.0;73350.0;81386.0;8036.0
1135;Chapadão do Céu;7001.0;7001.0;12870.0;5869.0
1136;Chapadão do Lageado;2762.0;2767.0;2950.0;188.0
1137;Chapadão do Sul;19648.0;18815.0;30993.0;11345.0
1138;Chapecó;183530.0;183548.0;254785.0;71255.0
1139;Charqueada;15085.0;15085.0;15535.0;450.0
1140;Charqueadas;35320.0;35320.0;35012.0;-308.0
1141;Charrua;3471.0;3471.0;2768.0;-703.0
1142;Chaval;12615.0;12615.0;12462.0;-153.0
1143;Chavantes;12114.0;12114.0;12211.0;97.0
1144;Chaves;21005.0;21005.0;20757.0;-248.0
1145;Chiador;2785.0;2785.0;2800.0;15.0
1146;Chiapetta;4044.0;4044.0;3913.0;-131.0
1147;Chopinzinho;19679.0;19679.0;21085.0;1406.0
1148;Chorozinho;18915.0;19753.0;20163.0;1248.0
1149;Chorrochó;10734.0;10734.0;10579.0;-155.0
1150;Choró;12853.0;12853.0;12113.0;-740.0
1151;Chupinguaia;8301.0;8301.0;9324.0;1023.0
1152;Chuvisca;4944.0;4944.0;4597.0;-347.0
1153;Chuí;5917.0;5917.0;6262.0;345.0
1154;Chácara;2792.0;2792.0;3075.0;283.0
1155;Chã Grande;20137.0;20137.0;20546.0;409.0
1156;Chã Preta;7146.0;7138.0;5910.0;-1236.0
1157;Chã de Alegria;12404.0;12414.0;12984.0;580.0
1158;Cianorte;69958.0;69958.0;79527.0;9569.0
1159;Cidade Gaúcha;11062.0;11062.0;11467.0;405.0
1160;Cidade Ocidental;55915.0;55915.0;91767.0;35852.0
1161;Cidelândia;13681.0;13681.0;12878.0;-803.0
1162;Cidreira;12668.0;12668.0;17071.0;4403.0
1163;Cipotânea;6547.0;6547.0;5581.0;-966.0
1164;Cipó;15755.0;16449.0;17230.0;1475.0
1165;Ciríaco;4922.0;4922.0;4149.0;-773.0
1166;Claraval;4542.0;4542.0;4658.0;116.0
1167;Claro dos Poções;7775.0;7775.0;7166.0;-609.0
1168;Clementina;7065.0;7065.0;6982.0;-83.0
1169;Clevelândia;17240.0;17240.0;15070.0;-2170.0
1170;Cláudia;11028.0;11028.0;9593.0;-1435.0
1171;Cláudio;25771.0;25771.0;30159.0;4388.0
1172;Coaraci;20964.0;20964.0;17333.0;-3631.0
1173;Coari;75965.0;75965.0;70616.0;-5349.0
1174;Cocal;26036.0;26591.0;28212.0;2176.0
1175;Cocal de Telha;4525.0;4694.0;4911.0;386.0
1176;Cocal do Sul;15159.0;15159.0;17240.0;2081.0
1177;Cocal dos Alves;5572.0;5885.0;6386.0;814.0
1178;Cocalinho;5490.0;5490.0;6220.0;730.0
1179;Cocalzinho de Goiás;17407.0;17414.0;25016.0;7609.0
1180;Cocos;18153.0;18111.0;19151.0;998.0
1181;Codajás;23206.0;23206.0;23549.0;343.0
1182;Codó;118038.0;118038.0;114275.0;-3763.0
1183;Coelho Neto;46750.0;46750.0;41658.0;-5092.0
1184;Coimbra;7054.0;7054.0;7117.0;63.0
1185;Coité do Nóia;10926.0;10926.0;10810.0;-116.0
1186;Coivaras;3811.0;3811.0;4117.0;306.0
1187;Colares;11381.0;11381.0;12868.0;1487.0
1188;Colatina;111788.0;111537.0;120033.0;8245.0
1189;Colina;17371.0;17371.0;18486.0;1115.0
1190;Colinas;41552.0;41584.0;42739.0;1187.0
1191;Colinas do Sul;3523.0;3523.0;4030.0;507.0
1192;Colinas do Tocantins;30838.0;30838.0;34233.0;3395.0
1193;Colméia;8611.0;9150.0;8941.0;330.0
1194;Colniza;26381.0;26381.0;25766.0;-615.0
1195;Colombo;212967.0;212994.0;232212.0;19245.0
1196;Colorado;25895.0;25899.0;26154.0;259.0
1197;Colorado do Oeste;18591.0;18591.0;15663.0;-2928.0
1198;Coluna;9024.0;9024.0;8163.0;-861.0
1199;Colíder;30766.0;30807.0;31370.0;604.0
1200;Colômbia;5994.0;5994.0;6629.0;635.0
1201;Colônia Leopoldina;20019.0;20019.0;15816.0;-4203.0
1202;Colônia do Gurguéia;6036.0;6036.0;6150.0;114.0
1203;Colônia do Piauí;7433.0;7433.0;6994.0;-439.0
1204;Combinado;4669.0;4669.0;4756.0;87.0
1205;Comendador Gomes;2972.0;2972.0;2773.0;-199.0
1206;Comendador Levy Gasparian;8180.0;8254.0;8741.0;561.0
1207;Comercinho;8298.0;8298.0;6660.0;-1638.0
1208;Comodoro;18178.0;18114.0;18238.0;60.0
1209;Conceição;18363.0;18412.0;18260.0;-103.0
1210;Conceição da Aparecida;9820.0;9820.0;10371.0;551.0
1211;Conceição da Barra;28449.0;28449.0;27458.0;-991.0
1212;Conceição da Barra de Minas;3954.0;3954.0;3560.0;-394.0
1213;Conceição da Feira;20391.0;20375.0;20800.0;409.0
1214;Conceição das Alagoas;23043.0;23043.0;28381.0;5338.0
1215;Conceição das Pedras;2749.0;2749.0;2772.0;23.0
1216;Conceição de Ipanema;4456.0;4456.0;4409.0;-47.0
1217;Conceição de Macabu;21211.0;21200.0;21104.0;-107.0
1218;Conceição do Almeida;17889.0;17698.0;15794.0;-2095.0
1219;Conceição do Araguaia;45557.0;45557.0;44617.0;-940.0
1220;Conceição do Canindé;4475.0;4650.0;4932.0;457.0
1221;Conceição do Castelo;11681.0;11681.0;11937.0;256.0
1222;Conceição do Coité;62040.0;61378.0;67825.0;5785.0
1223;Conceição do Jacuípe;30123.0;30112.0;35308.0;5185.0
1224;Conceição do Lago-Açu;14436.0;14436.0;14915.0;479.0
1225;Conceição do Mato Dentro;17908.0;17905.0;23163.0;5255.0
1226;Conceição do Pará;5158.0;5158.0;5415.0;257.0
1227;Conceição do Rio Verde;12949.0;12949.0;12541.0;-408.0
1228;Conceição do Tocantins;4182.0;4182.0;3887.0;-295.0
1229;Conceição dos Ouros;10388.0;10377.0;10880.0;492.0
1230;Conchal;25229.0;25229.0;28101.0;2872.0
1231;Conchas;16288.0;16288.0;15232.0;-1056.0
1232;Concórdia;68621.0;68625.0;81646.0;13025.0
1233;Concórdia do Pará;28216.0;28216.0;26881.0;-1335.0
1234;Condado;30866.0;30773.0;31038.0;172.0
1235;Conde;45020.0;44803.0;51259.0;6239.0
1236;Condeúba;16898.0;17571.0;17053.0;155.0
1237;Condor;6552.0;6552.0;6406.0;-146.0
1238;Confins;5936.0;5936.0;7350.0;1414.0
1239;Confresa;25124.0;25124.0;35075.0;9951.0
1240;Congo;4687.0;4687.0;4933.0;246.0
1241;Congonhal;10468.0;10468.0;11083.0;615.0
1242;Congonhas;48519.0;48519.0;52890.0;4371.0
1243;Congonhas do Norte;4943.0;4946.0;4831.0;-112.0
1244;Congonhinhas;8279.0;8279.0;8320.0;41.0
1245;Conquista;6526.0;6526.0;6694.0;168.0
1246;Conquista D'Oeste;3385.0;3385.0;3760.0;375.0
1247;Conselheiro Lafaiete;116512.0;116512.0;131621.0;15109.0
1248;Conselheiro Mairinck;3636.0;3636.0;3461.0;-175.0
1249;Conselheiro Pena;22242.0;22242.0;20824.0;-1418.0
1250;Consolação;1727.0;1738.0;1563.0;-164.0
1251;Constantina;9752.0;9752.0;10385.0;633.0
1252;Contagem;603442.0;602986.0;621863.0;18421.0
1253;Contenda;15891.0;15891.0;19128.0;3237.0
1254;Contendas do Sincorá;4663.0;4181.0;4333.0;-330.0
1255;Coqueiral;9289.0;9289.0;9023.0;-266.0
1256;Coqueiro Baixo;1528.0;1528.0;1290.0;-238.0
1257;Coqueiro Seco;5526.0;5526.0;5581.0;55.0
1258;Coqueiros do Sul;2457.0;2457.0;2211.0;-246.0
1259;Coração de Jesus;26033.0;26033.0;25377.0;-656.0
1260;Coração de Maria;22401.0;23213.0;26692.0;4291.0
1261;Corbélia;16312.0;16312.0;17470.0;1158.0
1262;Cordeiro;20430.0;20430.0;20783.0;353.0
1263;Cordeiros;8168.0;8174.0;7546.0;-622.0
1264;Cordeirópolis;21080.0;21080.0;24514.0;3434.0
1265;Cordilheira Alta;3767.0;3771.0;4781.0;1014.0
1266;Cordisburgo;8667.0;8667.0;7547.0;-1120.0
1267;Cordislândia;3435.0;3435.0;3200.0;-235.0
1268;Coreaú;21954.0;21738.0;20953.0;-1001.0
1269;Coremas;15149.0;15174.0;14683.0;-466.0
1270;Corguinho;4862.0;4862.0;4783.0;-79.0
1271;Coribe;14307.0;14339.0;13990.0;-317.0
1272;Corinto;23914.0;23914.0;23532.0;-382.0
1273;Cornélio Procópio;46928.0;46928.0;45206.0;-1722.0
1274;Coroaci;10270.0;10270.0;10884.0;614.0
1275;Coroados;5238.0;5238.0;5400.0;162.0
1276;Coroatá;61725.0;61725.0;59566.0;-2159.0
1277;Coromandel;27547.0;27547.0;28894.0;1347.0
1278;Coronel Barros;2459.0;2459.0;2822.0;363.0
1279;Coronel Bicaco;7748.0;7748.0;6144.0;-1604.0
1280;Coronel Domingos Soares;7238.0;7022.0;5649.0;-1589.0
1281;Coronel Ezequiel;5405.0;5405.0;5117.0;-288.0
1282;Coronel Fabriciano;103694.0;103694.0;104736.0;1042.0
1283;Coronel Freitas;10213.0;10184.0;10388.0;175.0
1284;Coronel José Dias;4541.0;4541.0;4250.0;-291.0
1285;Coronel João Pessoa;4772.0;4772.0;4237.0;-535.0
1286;Coronel João Sá;17066.0;17293.0;17056.0;-10.0
1287;Coronel Macedo;5001.0;5001.0;4280.0;-721.0
1288;Coronel Martins;2458.0;2458.0;2065.0;-393.0
1289;Coronel Murta;9117.0;9117.0;8200.0;-917.0
1290;Coronel Pacheco;2983.0;2983.0;2762.0;-221.0
1291;Coronel Pilar;1725.0;1725.0;1607.0;-118.0
1292;Coronel Sapucaia;14064.0;14064.0;14289.0;225.0
1293;Coronel Vivida;21749.0;21749.0;23331.0;1582.0
1294;Coronel Xavier Chaves;3301.0;3301.0;3486.0;185.0
1295;Correia Pinto;14785.0;14785.0;15727.0;942.0
1296;Corrente;25407.0;25407.0;27278.0;1871.0
1297;Correntes;17419.0;17235.0;17131.0;-288.0
1298;Correntina;31249.0;30970.0;32457.0;1208.0
1299;Cortês;12452.0;12501.0;10198.0;-2254.0
1300;Corumbataí;3874.0;3874.0;4195.0;321.0
1301;Corumbataí do Sul;4002.0;4002.0;3760.0;-242.0
1302;Corumbaíba;8181.0;8181.0;9164.0;983.0
1303;Corumbiara;8783.0;8783.0;7519.0;-1264.0
1304;Corumbá;103703.0;103675.0;96268.0;-7435.0
1305;Corumbá de Goiás;10361.0;10357.0;10562.0;201.0
1306;Corupá;13852.0;13852.0;15267.0;1415.0
1307;Coruripe;52130.0;52072.0;50414.0;-1716.0
1308;Cosmorama;7214.0;7214.0;8719.0;1505.0
1309;Cosmópolis;58827.0;58827.0;59773.0;946.0
1310;Costa Marques;13678.0;13678.0;12627.0;-1051.0
1311;Costa Rica;19695.0;17507.0;26037.0;6342.0
1312;Cotegipe;13636.0;13636.0;13063.0;-573.0
1313;Cotia;201150.0;201150.0;274413.0;73263.0
1314;Cotiporã;3917.0;3917.0;3846.0;-71.0
1315;Cotriguaçu;14983.0;14983.0;11011.0;-3972.0
1316;Couto Magalhães;5009.0;5009.0;5331.0;322.0
1317;Couto de Magalhães de Minas;4204.0;4204.0;4245.0;41.0
1318;Coxilha;2826.0;2826.0;2667.0;-159.0
1319;Coxim;32159.0;31930.0;32151.0;-8.0
1320;Coxixola;1771.0;1771.0;1824.0;53.0
1321;Crateús;72812.0;72817.0;76390.0;3578.0
1322;Crato;121428.0;121260.0;131050.0;9622.0
1323;Cravinhos;31691.0;31691.0;33281.0;1590.0
1324;Cravolândia;5041.0;5233.0;4415.0;-626.0
1325;Craíbas;22641.0;22785.0;25397.0;2756.0
1326;Criciúma;192308.0;192305.0;214493.0;22185.0
1327;Crissiumal;14084.0;14084.0;12886.0;-1198.0
1328;Cristais;11286.0;11286.0;12197.0;911.0
1329;Cristais Paulista;7588.0;7588.0;9272.0;1684.0
1330;Cristal;7280.0;7280.0;7299.0;19.0
1331;Cristal do Sul;2826.0;2826.0;2692.0;-134.0
1332;Cristalina;46580.0;46572.0;62337.0;15757.0
1333;Cristalândia;7234.0;7234.0;6371.0;-863.0
1334;Cristalândia do Piauí;7831.0;7831.0;7356.0;-475.0
1335;Cristiano Otoni;5007.0;5007.0;4667.0;-340.0
1336;Cristianópolis;2932.0;2932.0;3504.0;572.0
1337;Cristina;10210.0;10210.0;10374.0;164.0
1338;Cristino Castro;9981.0;9981.0;10503.0;522.0
1339;Cristinápolis;16519.0;16087.0;17100.0;581.0
1340;Cristália;5760.0;5760.0;5121.0;-639.0
1341;Cristópolis;13280.0;13280.0;13993.0;713.0
1342;Crisólita;6047.0;6047.0;5265.0;-782.0
1343;Crisópolis;20046.0;20099.0;19729.0;-317.0
1344;Crixás;15760.0;15760.0;17065.0;1305.0
1345;Crixás do Tocantins;1564.0;1564.0;1470.0;-94.0
1346;Croatá;17069.0;17066.0;17481.0;412.0
1347;Cromínia;3555.0;3555.0;3883.0;328.0
1348;Crucilândia;4757.0;4757.0;5434.0;677.0
1349;Cruz;22479.0;22983.0;29761.0;7282.0
1350;Cruz Alta;62821.0;62821.0;58913.0;-3908.0
1351;Cruz Machado;18040.0;18040.0;15978.0;-2062.0
1352;Cruz das Almas;58606.0;58562.0;60348.0;1742.0
1353;Cruz do Espírito Santo;16257.0;15815.0;17095.0;838.0
1354;Cruzaltense;2141.0;2141.0;1635.0;-506.0
1355;Cruzeiro;77039.0;77039.0;74961.0;-2078.0
1356;Cruzeiro da Fortaleza;3934.0;3438.0;3521.0;-413.0
1357;Cruzeiro do Iguaçu;4278.0;4278.0;4133.0;-145.0
1358;Cruzeiro do Oeste;20416.0;20384.0;23831.0;3415.0
1359;Cruzeiro do Sul;95390.0;94619.0;107982.0;12592.0
1360;Cruzeta;7967.0;7967.0;8005.0;38.0
1361;Cruzmaltina;3162.0;3162.0;2892.0;-270.0
1362;Cruzália;2274.0;2274.0;2108.0;-166.0
1363;Cruzília;14591.0;14591.0;15362.0;771.0
1364;Cubati;6866.0;7361.0;7580.0;714.0
1365;Cubatão;118720.0;118720.0;112476.0;-6244.0
1366;Cuiabá;551098.0;553202.0;650877.0;99779.0
1367;Cuitegi;6889.0;6895.0;6730.0;-159.0
1368;Cuité;19978.0;19978.0;19719.0;-259.0
1369;Cuité de Mamanguape;6202.0;6202.0;6251.0;49.0
1370;Cujubim;15854.0;15854.0;14863.0;-991.0
1371;Cumari;2964.0;2964.0;2927.0;-37.0
1372;Cumaru;17183.0;17183.0;15920.0;-1263.0
1373;Cumaru do Norte;10466.0;10466.0;14036.0;3570.0
1374;Cumbe;3813.0;3813.0;3824.0;11.0
1375;Cunha;21866.0;21866.0;22110.0;244.0
1376;Cunha Porã;10613.0;10609.0;10953.0;340.0
1377;Cunhataí;1882.0;1884.0;1968.0;86.0
1378;Cuparaque;4680.0;4680.0;3983.0;-697.0
1379;Cupira;23390.0;22964.0;23518.0;128.0
1380;Curaçá;32168.0;32191.0;34180.0;2012.0
1381;Curimatá;10761.0;10768.0;11270.0;509.0
1382;Curionópolis;18288.0;18288.0;19950.0;1662.0
1383;Curitiba;1751907.0;1751907.0;1773718.0;21811.0
1384;Curitibanos;37748.0;37748.0;40045.0;2297.0
1385;Curiúva;13923.0;13923.0;13647.0;-276.0
1386;Currais;4704.0;4704.0;4854.0;150.0
1387;Currais Novos;42652.0;42652.0;41313.0;-1339.0
1388;Curral Novo do Piauí;4869.0;4984.0;5073.0;204.0
1389;Curral Velho;2505.0;2505.0;2292.0;-213.0
1390;Curral de Cima;5209.0;5204.0;5254.0;45.0
1391;Curral de Dentro;6913.0;6913.0;7406.0;493.0
1392;Curralinho;28549.0;28549.0;33903.0;5354.0
1393;Curralinhos;4183.0;4183.0;4413.0;230.0
1394;Cururupu;32652.0;32652.0;31558.0;-1094.0
1395;Curuá;12254.0;12254.0;14117.0;1863.0
1396;Curuçá;34294.0;34294.0;41262.0;6968.0
1397;Curvelo;74219.0;74004.0;80665.0;6446.0
1398;Curvelândia;4866.0;4862.0;4903.0;37.0
1399;Custódia;33855.0;33855.0;37699.0;3844.0
1400;Cutias;4696.0;4696.0;4461.0;-235.0
1401;Cáceres;87942.0;87907.0;89681.0;1739.0
1402;Cássia;17412.0;17412.0;17155.0;-257.0
1403;Cássia dos Coqueiros;2634.0;2634.0;2799.0;165.0
1404;Cândido Godói;6535.0;6535.0;6294.0;-241.0
1405;Cândido Mendes;18505.0;18864.0;19932.0;1427.0
1406;Cândido Mota;29884.0;29884.0;29449.0;-435.0
1407;Cândido Rodrigues;2668.0;2668.0;2889.0;221.0
1408;Cândido Sales;27918.0;26015.0;25247.0;-2671.0
1409;Cândido de Abreu;16655.0;16655.0;15244.0;-1411.0
1410;Céu Azul;11032.0;11032.0;11087.0;55.0
1411;Cícero Dantas;32300.0;31266.0;30907.0;-1393.0
1412;Córrego Danta;3391.0;3391.0;2960.0;-431.0
1413;Córrego Fundo;5790.0;5790.0;6133.0;343.0
1414;Córrego Novo;3127.0;3127.0;2875.0;-252.0
1415;Córrego do Bom Jesus;3730.0;3730.0;4272.0;542.0
1416;Córrego do Ouro;2632.0;2632.0;2454.0;-178.0
1417;Cônego Marinho;7101.0;7071.0;7237.0;136.0
1418;Damianópolis;3292.0;3292.0;3770.0;478.0
1419;Damião;4900.0;4900.0;4982.0;82.0
1420;Damolândia;2747.0;2725.0;2724.0;-23.0
1421;Darcinópolis;5273.0;5273.0;5827.0;554.0
1422;Datas;5211.0;5211.0;5465.0;254.0
1423;David Canabarro;4683.0;4683.0;4321.0;-362.0
1424;Davinópolis;14635.0;14635.0;16306.0;1671.0
1425;Delfim Moreira;7971.0;7971.0;7952.0;-19.0
1426;Delfinópolis;6830.0;6830.0;8393.0;1563.0
1427;Delmiro Gouveia;48096.0;48399.0;51318.0;3222.0
1428;Delta;8089.0;8089.0;10494.0;2405.0
1429;Demerval Lobão;13278.0;13278.0;16352.0;3074.0
1430;Denise;8523.0;8513.0;7014.0;-1509.0
1431;Deodápolis;12139.0;12133.0;13663.0;1524.0
1432;Deputado Irapuan Pinheiro;9095.0;9097.0;8932.0;-163.0
1433;Derrubadas;3190.0;3190.0;2751.0;-439.0
1434;Descalvado;31056.0;31056.0;31756.0;700.0
1435;Descanso;8634.0;8634.0;8530.0;-104.0
1436;Descoberto;4768.0;4768.0;4928.0;160.0
1437;Desterro;7991.0;7991.0;8067.0;76.0
1438;Desterro de Entre Rios;7002.0;7002.0;7653.0;651.0
1439;Desterro do Melo;3015.0;3015.0;2994.0;-21.0
1440;Dezesseis de Novembro;2866.0;2866.0;2507.0;-359.0
1441;Diadema;386089.0;386089.0;393237.0;7148.0
1442;Diamante;6616.0;6616.0;6299.0;-317.0
1443;Diamante D'Oeste;5027.0;5027.0;4557.0;-470.0
1444;Diamante do Norte;5516.0;5516.0;5142.0;-374.0
1445;Diamante do Sul;3510.0;3510.0;3171.0;-339.0
1446;Diamantina;45880.0;45880.0;47702.0;1822.0
1447;Diamantino;20341.0;20343.0;21941.0;1600.0
1448;Dianópolis;19112.0;19112.0;17739.0;-1373.0
1449;Dias d'Ávila;66440.0;66440.0;71485.0;5045.0
1450;Dilermando de Aguiar;3064.0;3063.0;2806.0;-258.0
1451;Diogo de Vasconcelos;3848.0;3848.0;3549.0;-299.0
1452;Dionísio;8739.0;8739.0;6847.0;-1892.0
1453;Dionísio Cerqueira;14811.0;14811.0;15008.0;197.0
1454;Diorama;2479.0;2481.0;2062.0;-417.0
1455;Dirce Reis;1689.0;1689.0;1620.0;-69.0
1456;Dirceu Arcoverde;6675.0;6675.0;7054.0;379.0
1457;Divina Pastora;4326.0;4326.0;4340.0;14.0
1458;Divino;19133.0;19133.0;20706.0;1573.0
1459;Divino das Laranjeiras;4937.0;4937.0;4178.0;-759.0
1460;Divino de São Lourenço;4516.0;4516.0;5083.0;567.0
1461;Divinolândia;11208.0;11445.0;11158.0;-50.0
1462;Divinolândia de Minas;7024.0;7024.0;6516.0;-508.0
1463;Divinésia;3293.0;3293.0;4226.0;933.0
1464;Divinópolis;213016.0;213016.0;231091.0;18075.0
1465;Divinópolis de Goiás;4962.0;4909.0;4457.0;-505.0
1466;Divinópolis do Tocantins;6363.0;6363.0;7024.0;661.0
1467;Divisa Alegre;5884.0;5884.0;6321.0;437.0
1468;Divisa Nova;5763.0;5763.0;5851.0;88.0
1469;Divisópolis;8974.0;8974.0;10213.0;1239.0
1470;Dobrada;7939.0;7939.0;8759.0;820.0
1471;Dois Córregos;24761.0;24761.0;24510.0;-251.0
1472;Dois Irmãos;27572.0;27572.0;30709.0;3137.0
1473;Dois Irmãos das Missões;2157.0;2157.0;2090.0;-67.0
1474;Dois Irmãos do Buriti;10363.0;10423.0;11100.0;737.0
1475;Dois Irmãos do Tocantins;7161.0;7161.0;6327.0;-834.0
1476;Dois Lajeados;3278.0;3278.0;3097.0;-181.0
1477;Dois Riachos;10880.0;10894.0;9805.0;-1075.0
1478;Dois Vizinhos;36179.0;36179.0;44869.0;8690.0
1479;Dolcinópolis;2096.0;2096.0;2207.0;111.0
1480;Dom Aquino;8171.0;8129.0;7872.0;-299.0
1481;Dom Basílio;11355.0;11553.0;11884.0;529.0
1482;Dom Bosco;3814.0;3814.0;3697.0;-117.0
1483;Dom Cavati;5209.0;5209.0;4904.0;-305.0
1484;Dom Eliseu;51319.0;51319.0;58484.0;7165.0
1485;Dom Expedito Lopes;6569.0;6569.0;6320.0;-249.0
1486;Dom Feliciano;14380.0;14380.0;13051.0;-1329.0
1487;Dom Inocêncio;9245.0;9245.0;9159.0;-86.0
1488;Dom Joaquim;4535.0;4535.0;4899.0;364.0
1489;Dom Macedo Costa;3874.0;3907.0;4407.0;533.0
1490;Dom Pedrito;38898.0;38898.0;36981.0;-1917.0
1491;Dom Pedro;22681.0;22681.0;23053.0;372.0
1492;Dom Pedro de Alcântara;2550.0;2550.0;2562.0;12.0
1493;Dom Silvério;5196.0;5196.0;5228.0;32.0
1494;Dom Viçoso;2994.0;2994.0;3095.0;101.0
1495;Domingos Martins;31847.0;31847.0;35416.0;3569.0
1496;Domingos Mourão;4264.0;4264.0;4075.0;-189.0
1497;Dona Emma;3721.0;3715.0;4221.0;500.0
1498;Dona Euzébia;6001.0;6001.0;6093.0;92.0
1499;Dona Francisca;3401.0;3401.0;3079.0;-322.0
1500;Dona Inês;10517.0;10579.0;10380.0;-137.0
1501;Dores de Campos;9299.0;9299.0;10007.0;708.0
1502;Dores de Guanhães;5223.0;5223.0;5029.0;-194.0
1503;Dores do Indaiá;13778.0;13778.0;12630.0;-1148.0
1504;Dores do Rio Preto;6397.0;6397.0;6596.0;199.0
1505;Dores do Turvo;4462.0;4462.0;4987.0;525.0
1506;Doresópolis;1440.0;1440.0;1461.0;21.0
1507;Dormentes;16917.0;16917.0;17188.0;271.0
1508;Douradina;12809.0;12794.0;14739.0;1930.0
1509;Dourado;8609.0;8609.0;8096.0;-513.0
1510;Douradoquara;1841.0;1841.0;1829.0;-12.0
1511;Dourados;196035.0;195495.0;243367.0;47332.0
1512;Doutor Camargo;5828.0;5828.0;6327.0;499.0
1513;Doutor Maurício Cardoso;5313.0;5313.0;4470.0;-843.0
1514;Doutor Pedrinho;3604.0;3539.0;3637.0;33.0
1515;Doutor Ricardo;2030.0;2022.0;1888.0;-142.0
1516;Doutor Severiano;6492.0;6956.0;7044.0;552.0
1517;Doutor Ulysses;5727.0;5727.0;5697.0;-30.0
1518;Doverlândia;7892.0;7892.0;6956.0;-936.0
1519;Dracena;43258.0;43258.0;45474.0;2216.0
1520;Duartina;12251.0;12251.0;12328.0;77.0
1521;Duas Barras;10930.0;10930.0;10980.0;50.0
1522;Duas Estradas;3638.0;3638.0;3327.0;-311.0
1523;Dueré;4592.0;4592.0;4248.0;-344.0
1524;Dumont;8143.0;8143.0;9471.0;1328.0
1525;Duque Bacelar;10649.0;10649.0;10223.0;-426.0
1526;Duque de Caxias;855048.0;855088.0;808161.0;-46887.0
1527;Durandé;7423.0;7423.0;7817.0;394.0
1528;Dário Meira;12836.0;12309.0;10820.0;-2016.0
1529;Echaporã;6318.0;6318.0;6205.0;-113.0
1530;Ecoporanga;23212.0;23212.0;21992.0;-1220.0
1531;Edealina;3733.0;3733.0;4001.0;268.0
1532;Edéia;11266.0;11266.0;11747.0;481.0
1533;Eirunepé;30665.0;30665.0;33170.0;2505.0
1534;Eldorado;26335.0;26335.0;24455.0;-1880.0
1535;Eldorado do Carajás;31786.0;31786.0;28192.0;-3594.0
1536;Eldorado do Sul;34343.0;34343.0;39559.0;5216.0
1537;Elesbão Veloso;14512.0;14512.0;13607.0;-905.0
1538;Elias Fausto;15775.0;15775.0;17699.0;1924.0
1539;Eliseu Martins;4665.0;4665.0;4377.0;-288.0
1540;Elisiário;3120.0;3120.0;3138.0;18.0
1541;Elísio Medrado;7947.0;7926.0;7808.0;-139.0
1542;Elói Mendes;25220.0;25220.0;26336.0;1116.0
1543;Emas;3317.0;3317.0;3011.0;-306.0
1544;Embaúba;2423.0;2423.0;2323.0;-100.0
1545;Embu das Artes;240230.0;240230.0;250691.0;10461.0
1546;Embu-Guaçu;62769.0;62769.0;66970.0;4201.0
1547;Emilianópolis;3020.0;3020.0;3014.0;-6.0
1548;Encantado;20510.0;20513.0;22962.0;2452.0
1549;Encanto;5231.0;5231.0;6016.0;785.0
1550;Encruzilhada;23766.0;22108.0;19107.0;-4659.0
1551;Encruzilhada do Sul;24534.0;24534.0;23819.0;-715.0
1552;Engenheiro Beltrão;13906.0;13906.0;12454.0;-1452.0
1553;Engenheiro Caldas;10280.0;10280.0;13622.0;3342.0
1554;Engenheiro Coelho;15721.0;15721.0;19566.0;3845.0
1555;Engenheiro Navarro;7122.0;7122.0;6354.0;-768.0
1556;Engenheiro Paulo de Frontin;13237.0;13080.0;12242.0;-995.0
1557;Engenho Velho;1527.0;1527.0;1296.0;-231.0
1558;Entre Folhas;5175.0;5207.0;5179.0;4.0
1559;Entre Rios;42890.0;42794.0;41500.0;-1390.0
1560;Entre Rios de Minas;14242.0;14242.0;14746.0;504.0
1561;Entre Rios do Oeste;3926.0;3926.0;4575.0;649.0
1562;Entre Rios do Sul;3080.0;3080.0;2685.0;-395.0
1563;Entre-Ijuís;8938.0;8938.0;9158.0;220.0
1564;Envira;16338.0;16338.0;17186.0;848.0
1565;Enéas Marques;6103.0;6103.0;5999.0;-104.0
1566;Epitaciolândia;15100.0;15100.0;18757.0;3657.0
1567;Equador;5822.0;5822.0;5360.0;-462.0
1568;Erebango;2970.0;2965.0;3054.0;84.0
1569;Erechim;96087.0;96085.0;105705.0;9618.0
1570;Ereré;6840.0;6802.0;6474.0;-366.0
1571;Ermo;2050.0;2050.0;2269.0;219.0
1572;Ernestina;3088.0;3088.0;3034.0;-54.0
1573;Erval Grande;5163.0;5163.0;4930.0;-233.0
1574;Erval Seco;7878.0;7863.0;6787.0;-1091.0
1575;Erval Velho;4352.0;4290.0;4885.0;533.0
1576;Ervália;17946.0;17946.0;20255.0;2309.0
1577;Escada;63517.0;63489.0;59891.0;-3626.0
1578;Esmeralda;3168.0;3168.0;3195.0;27.0
1579;Esmeraldas;60271.0;59696.0;85598.0;25327.0
1580;Espera Feliz;22856.0;22856.0;24102.0;1246.0
1581;Esperantina;47243.0;47243.0;48500.0;1257.0
1582;Esperantinópolis;18452.0;18126.0;18311.0;-141.0
1583;Esperança;31095.0;30792.0;31231.0;136.0
1584;Esperança Nova;1970.0;1970.0;1849.0;-121.0
1585;Esperança do Sul;3272.0;3272.0;3226.0;-46.0
1586;Espigão Alto do Iguaçu;4677.0;4677.0;4797.0;120.0
1587;Espigão D'Oeste;28729.0;28729.0;29414.0;685.0
1588;Espinosa;31113.0;31113.0;30443.0;-670.0
1589;Esplanada;32802.0;33191.0;32554.0;-248.0
1590;Espumoso;15240.0;15240.0;15173.0;-67.0
1591;Espírito Santo;10475.0;10475.0;10620.0;145.0
1592;Espírito Santo do Dourado;4429.0;4429.0;6611.0;2182.0
1593;Espírito Santo do Pinhal;41907.0;41907.0;39816.0;-2091.0
1594;Espírito Santo do Turvo;4244.0;4244.0;4157.0;-87.0
1595;Estação;6011.0;6011.0;5582.0;-429.0
1596;Esteio;80755.0;80755.0;76137.0;-4618.0
1597;Estiva;10845.0;10845.0;11502.0;657.0
1598;Estiva Gerbi;10044.0;10044.0;11295.0;1251.0
1599;Estreito;35835.0;35835.0;33294.0;-2541.0
1600;Estrela;30619.0;30619.0;32183.0;1564.0
1601;Estrela Dalva;2470.0;2470.0;2186.0;-284.0
1602;Estrela Velha;3628.0;3628.0;3070.0;-558.0
1603;Estrela d'Oeste;8208.0;8208.0;9417.0;1209.0
1604;Estrela de Alagoas;17251.0;17287.0;15429.0;-1822.0
1605;Estrela do Indaiá;3516.0;3516.0;2772.0;-744.0
1606;Estrela do Norte;5978.0;5978.0;5908.0;-70.0
1607;Estrela do Sul;7446.0;7446.0;6840.0;-606.0
1608;Estância;64409.0;64409.0;65078.0;669.0
1609;Estância Velha;42574.0;42574.0;47924.0;5350.0
1610;Euclides da Cunha;56289.0;56739.0;61456.0;5167.0
1611;Euclides da Cunha Paulista;9585.0;9585.0;7924.0;-1661.0
1612;Eugenópolis;10540.0;10540.0;10801.0;261.0
1613;Eugênio de Castro;2798.0;2778.0;2633.0;-165.0
1614;Eunápolis;100196.0;101255.0;113710.0;13514.0
1615;Eusébio;46033.0;46033.0;74170.0;28137.0
1616;Ewbank da Câmara;3753.0;3753.0;3875.0;122.0
1617;Extrema;28599.0;28599.0;53482.0;24883.0
1618;Extremoz;24569.0;24569.0;61635.0;37066.0
1619;Exu;31636.0;31636.0;31843.0;207.0
1620;Fagundes;11405.0;11341.0;11049.0;-356.0
1621;Fagundes Varela;2579.0;2579.0;2566.0;-13.0
1622;Faina;6983.0;6983.0;7070.0;87.0
1623;Fama;2350.0;2350.0;2578.0;228.0
1624;Faria Lemos;3376.0;3376.0;3188.0;-188.0
1625;Farias Brito;19007.0;19617.0;18217.0;-790.0
1626;Faro;8177.0;8177.0;8728.0;551.0
1627;Farol;3472.0;3472.0;3039.0;-433.0
1628;Farroupilha;63635.0;63675.0;70286.0;6651.0
1629;Fartura;15320.0;15320.0;16641.0;1321.0
1630;Fartura do Piauí;5074.0;5074.0;5284.0;210.0
1631;Faxinal;16314.0;16314.0;16389.0;75.0
1632;Faxinal do Soturno;6672.0;6672.0;6702.0;30.0
1633;Faxinal dos Guedes;10661.0;10661.0;11192.0;531.0
1634;Faxinalzinho;2567.0;2567.0;2520.0;-47.0
1635;Fazenda Nova;6322.0;6322.0;5877.0;-445.0
1636;Fazenda Rio Grande;81675.0;81675.0;148873.0;67198.0
1637;Fazenda Vilanova;3697.0;3697.0;4291.0;594.0
1638;Feijó;32412.0;32412.0;35426.0;3014.0
1639;Feira Grande;21321.0;21513.0;22712.0;1391.0
1640;Feira Nova;25895.0;25895.0;27402.0;1507.0
1641;Feira Nova do Maranhão;8126.0;8089.0;8048.0;-78.0
1642;Feira da Mata;6184.0;5595.0;5631.0;-553.0
1643;Feira de Santana;556642.0;556588.0;616272.0;59630.0
1644;Felipe Guerra;5734.0;5734.0;5944.0;210.0
1645;Felisburgo;6877.0;6877.0;6489.0;-388.0
1646;Felixlândia;14121.0;14121.0;13978.0;-143.0
1647;Feliz;12359.0;12359.0;13764.0;1405.0
1648;Feliz Deserto;4345.0;4403.0;3963.0;-382.0
1649;Feliz Natal;10933.0;10942.0;10521.0;-412.0
1650;Felício dos Santos;5142.0;5142.0;5133.0;-9.0
1651;Fernandes Pinheiro;5932.0;5932.0;6255.0;323.0
1652;Fernandes Tourinho;3030.0;3030.0;2789.0;-241.0
1653;Fernando Falcão;9241.0;9241.0;10873.0;1632.0
1654;Fernando Pedroza;2854.0;2854.0;2938.0;84.0
1655;Fernando Prestes;5534.0;5534.0;5942.0;408.0
1656;Fernando de Noronha;2630.0;2630.0;3167.0;537.0
1657;Fernandópolis;64696.0;64696.0;71186.0;6490.0
1658;Fernão;1563.0;1563.0;1656.0;93.0
1659;Ferraz de Vasconcelos;168306.0;168306.0;179198.0;10892.0
1660;Ferreira Gomes;5802.0;5802.0;6666.0;864.0
1661;Ferreiros;11430.0;11418.0;15026.0;3596.0
1662;Ferros;10837.0;10837.0;9590.0;-1247.0
1663;Fervedouro;10349.0;10349.0;10445.0;96.0
1664;Figueira;8293.0;8293.0;8062.0;-231.0
1665;Figueirão;2928.0;2928.0;3539.0;611.0
1666;Figueirópolis;5340.0;5340.0;5211.0;-129.0
1667;Figueirópolis D'Oeste;3796.0;3787.0;3187.0;-609.0
1668;Filadélfia;25245.0;24869.0;25609.0;364.0
1669;Firmino Alves;5384.0;5384.0;4873.0;-511.0
1670;Firminópolis;11580.0;11582.0;10419.0;-1161.0
1671;Flexeiras;12325.0;12325.0;9618.0;-2707.0
1672;Flor da Serra do Sul;4726.0;4798.0;4364.0;-362.0
1673;Flor do Sertão;1588.0;1588.0;1783.0;195.0
1674;Flora Rica;1752.0;1752.0;1487.0;-265.0
1675;Floraí;5050.0;5050.0;4792.0;-258.0
1676;Floreal;3003.0;3003.0;2733.0;-270.0
1677;Flores;22169.0;22169.0;20347.0;-1822.0
1678;Flores da Cunha;27126.0;27139.0;30892.0;3766.0
1679;Flores de Goiás;12066.0;12048.0;13744.0;1678.0
1680;Flores do Piauí;4366.0;4366.0;4414.0;48.0
1681;Floresta;35216.0;35216.0;40595.0;5379.0
1682;Floresta Azul;10660.0;10941.0;11059.0;399.0
1683;Floresta do Araguaia;17768.0;17768.0;17898.0;130.0
1684;Floresta do Piauí;2482.0;2482.0;2333.0;-149.0
1685;Florestal;6600.0;6632.0;8045.0;1445.0
1686;Florestópolis;11222.0;11222.0;11446.0;224.0
1687;Floriano;57690.0;57690.0;62036.0;4346.0
1688;Floriano Peixoto;2018.0;2018.0;1668.0;-350.0
1689;Florianópolis;421240.0;421240.0;537211.0;115971.0
1690;Florânia;8959.0;9713.0;10196.0;1237.0
1691;Florínea;2829.0;2829.0;3851.0;1022.0
1692;Flórida;2543.0;2543.0;2652.0;109.0
1693;Flórida Paulista;12848.0;12848.0;12958.0;110.0
1694;Fonte Boa;22817.0;22817.0;25871.0;3054.0
1695;Fontoura Xavier;10719.0;10719.0;9550.0;-1169.0
1696;Formiga;65128.0;65128.0;68248.0;3120.0
1697;Formigueiro;7014.0;7014.0;6413.0;-601.0
1698;Formosa;100085.0;100085.0;115901.0;15816.0
1699;Formosa da Serra Negra;17757.0;17169.0;17719.0;-38.0
1700;Formosa do Oeste;7541.0;7541.0;7635.0;94.0
1701;Formosa do Rio Preto;22528.0;22490.0;25899.0;3371.0
1702;Formosa do Sul;2601.0;2601.0;2682.0;81.0
1703;Formoso;13060.0;13060.0;12609.0;-451.0
1704;Formoso do Araguaia;18427.0;18427.0;18881.0;454.0
1705;Forquetinha;2479.0;2479.0;2393.0;-86.0
1706;Forquilha;21786.0;21614.0;24173.0;2387.0
1707;Forquilhinha;22548.0;22548.0;31431.0;8883.0
1708;Fortaleza;2452185.0;2459712.0;2428708.0;-23477.0
1709;Fortaleza de Minas;4098.0;4098.0;3477.0;-621.0
1710;Fortaleza dos Nogueiras;11646.0;12234.0;12640.0;994.0
1711;Fortaleza dos Valos;4575.0;4575.0;4477.0;-98.0
1712;Fortim;14817.0;14791.0;17294.0;2477.0
1713;Fortuna;15098.0;17203.0;16976.0;1878.0
1714;Fortuna de Minas;2705.0;2705.0;3093.0;388.0
1715;Foz do Iguaçu;256088.0;256088.0;285415.0;29327.0
1716;Foz do Jordão;5420.0;5420.0;4926.0;-494.0
1717;Fraiburgo;34553.0;34556.0;33481.0;-1072.0
1718;Franca;318640.0;318640.0;352536.0;33896.0
1719;Francinópolis;5235.0;5235.0;4505.0;-730.0
1720;Francisco Alves;6418.0;6418.0;8116.0;1698.0
1721;Francisco Ayres;4477.0;4477.0;4412.0;-65.0
1722;Francisco Badaró;10248.0;10248.0;7366.0;-2882.0
1723;Francisco Beltrão;78943.0;78943.0;96666.0;17723.0
1724;Francisco Dantas;2874.0;2874.0;2700.0;-174.0
1725;Francisco Dumont;4863.0;4863.0;4503.0;-360.0
1726;Francisco Macedo;2879.0;2951.0;2929.0;50.0
1727;Francisco Morato;154472.0;154472.0;165139.0;10667.0
1728;Francisco Santos;8592.0;8592.0;8237.0;-355.0
1729;Francisco Sá;24912.0;24912.0;23476.0;-1436.0
1730;Franciscópolis;5800.0;5800.0;5034.0;-766.0
1731;Franco da Rocha;131604.0;131604.0;144849.0;13245.0
1732;Frecheirinha;12991.0;13227.0;15657.0;2666.0
1733;Frederico Westphalen;28843.0;28843.0;32627.0;3784.0
1734;Frei Gaspar;5879.0;5879.0;5640.0;-239.0
1735;Frei Inocêncio;8920.0;8920.0;8226.0;-694.0
1736;Frei Lagonegro;3329.0;3329.0;3391.0;62.0
1737;Frei Martinho;2933.0;2933.0;2846.0;-87.0
1738;Frei Miguelinho;14293.0;14293.0;13636.0;-657.0
1739;Frei Paulo;13874.0;13874.0;14530.0;656.0
1740;Frei Rogério;2474.0;2474.0;2411.0;-63.0
1741;Fronteira;14041.0;14041.0;14540.0;499.0
1742;Fronteira dos Vales;4687.0;4687.0;4345.0;-342.0
1743;Fronteiras;11117.0;11042.0;10259.0;-858.0
1744;Fruta de Leite;5940.0;5940.0;4647.0;-1293.0
1745;Frutal;53468.0;53468.0;58588.0;5120.0
1746;Frutuoso Gomes;4233.0;4233.0;4122.0;-111.0
1747;Fundão;17025.0;17025.0;18014.0;989.0
1748;Funilândia;3855.0;3855.0;4686.0;831.0
1749;Fátima;21457.0;21781.0;21362.0;-95.0
1750;Fátima do Sul;19035.0;19009.0;20609.0;1574.0
1751;Fênix;4802.0;4802.0;4492.0;-310.0
1752;Gabriel Monteiro;2708.0;2708.0;2763.0;55.0
1753;Gado Bravo;8376.0;8258.0;8179.0;-197.0
1754;Galiléia;6951.0;6951.0;6222.0;-729.0
1755;Galinhos;2159.0;2159.0;2104.0;-55.0
1756;Galvão;3472.0;3567.0;3210.0;-262.0
1757;Gameleira;27912.0;27912.0;18214.0;-9698.0
1758;Gameleira de Goiás;3275.0;3143.0;3456.0;181.0
1759;Gameleiras;5139.0;5139.0;4793.0;-346.0
1760;Gandu;30336.0;29887.0;32178.0;1842.0
1761;Garanhuns;129408.0;129408.0;142506.0;13098.0
1762;Gararu;11405.0;11405.0;11096.0;-309.0
1763;Garibaldi;30689.0;30679.0;34335.0;3646.0
1764;Garopaba;18138.0;18138.0;29959.0;11821.0
1765;Garrafão do Norte;25034.0;25034.0;24703.0;-331.0
1766;Garruchos;3234.0;3234.0;2688.0;-546.0
1767;Garuva;14761.0;14761.0;18545.0;3784.0
1768;Garça;43115.0;43115.0;42110.0;-1005.0
1769;Gaspar;57981.0;57990.0;72570.0;14589.0
1770;Gastão Vidigal;4193.0;4193.0;3252.0;-941.0
1771;Gaurama;5862.0;5862.0;5665.0;-197.0
1772;Gavião;4561.0;4600.0;4360.0;-201.0
1773;Gavião Peixoto;4419.0;4419.0;4702.0;283.0
1774;Gaúcha do Norte;6293.0;6292.0;8642.0;2349.0
1775;Geminiano;5475.0;5148.0;5445.0;-30.0
1776;General Carneiro;18696.0;18941.0;17099.0;-1597.0
1777;General Câmara;8447.0;8447.0;7612.0;-835.0
1778;General Maynard;2929.0;2929.0;3037.0;108.0
1779;General Salgado;10669.0;10669.0;10312.0;-357.0
1780;General Sampaio;6218.0;6780.0;6734.0;516.0
1781;Gentil;1677.0;1677.0;1744.0;67.0
1782;Gentio do Ouro;10622.0;10755.0;10884.0;262.0
1783;Getulina;10765.0;10765.0;10232.0;-533.0
1784;Getúlio Vargas;16154.0;16154.0;16602.0;448.0
1785;Gilbués;10402.0;10402.0;10892.0;490.0
1786;Girau do Ponciano;36600.0;36837.0;36102.0;-498.0
1787;Giruá;17075.0;17075.0;16013.0;-1062.0
1788;Glaucilândia;2962.0;2962.0;2928.0;-34.0
1789;Glicério;4565.0;4565.0;4138.0;-427.0
1790;Glorinha;6891.0;6891.0;7658.0;767.0
1791;Glória;15076.0;14795.0;15524.0;448.0
1792;Glória D'Oeste;3135.0;3121.0;2905.0;-230.0
1793;Glória de Dourados;9927.0;9927.0;10444.0;517.0
1794;Glória do Goitá;29019.0;29065.0;29347.0;328.0
1795;Godofredo Viana;10635.0;10276.0;10186.0;-449.0
1796;Godoy Moreira;3337.0;3337.0;2977.0;-360.0
1797;Goiabeira;3053.0;3053.0;2830.0;-223.0
1798;Goiana;75644.0;75231.0;81055.0;5411.0
1799;Goiandira;5265.0;5265.0;4973.0;-292.0
1800;Goianinha;22481.0;22481.0;26741.0;4260.0
1801;Goianira;34060.0;34058.0;71916.0;37856.0
1802;Goianorte;4956.0;4956.0;4738.0;-218.0
1803;Goianá;3659.0;3659.0;4053.0;394.0
1804;Goianápolis;10695.0;11104.0;13967.0;3272.0
1805;Goianésia;59549.0;59549.0;73707.0;14158.0
1806;Goianésia do Pará;30436.0;33864.0;26362.0;-4074.0
1807;Goiatins;12064.0;12064.0;12433.0;369.0
1808;Goiatuba;32492.0;32493.0;35664.0;3172.0
1809;Goioerê;29018.0;29018.0;28437.0;-581.0
1810;Goioxim;7503.0;7503.0;6566.0;-937.0
1811;Goiás;24727.0;24727.0;24071.0;-656.0
1812;Goiânia;1302001.0;1301912.0;1437366.0;135365.0
1813;Gongogi;8357.0;8360.0;5555.0;-2802.0
1814;Gonzaga;5921.0;5921.0;5230.0;-691.0
1815;Gonçalves;4220.0;4220.0;4727.0;507.0
1816;Gonçalves Dias;17482.0;17482.0;17206.0;-276.0
1817;Gouveia;11681.0;11681.0;11331.0;-350.0
1818;Gouvelândia;4949.0;4949.0;4390.0;-559.0
1819;Governador Archer;10205.0;10205.0;10231.0;26.0
1820;Governador Celso Ramos;12999.0;12999.0;16915.0;3916.0
1821;Governador Dix-Sept Rosado;12374.0;12374.0;11938.0;-436.0
1822;Governador Edison Lobão;15895.0;15895.0;18411.0;2516.0
1823;Governador Eugênio Barros;15991.0;13883.0;13930.0;-2061.0
1824;Governador Jorge Teixeira;10512.0;10512.0;8001.0;-2511.0
1825;Governador Lindenberg;10869.0;10869.0;11009.0;140.0
1826;Governador Luiz Rocha;7337.0;7340.0;7063.0;-274.0
1827;Governador Mangabeira;19818.0;19916.0;20605.0;787.0
1828;Governador Newton Bello;11921.0;10245.0;10713.0;-1208.0
1829;Governador Nunes Freire;25401.0;25401.0;23128.0;-2273.0
1830;Governador Valadares;263689.0;263689.0;257171.0;-6518.0
1831;Gracho Cardoso;5645.0;5645.0;5834.0;189.0
1832;Grajaú;62093.0;62234.0;73872.0;11779.0
1833;Gramado;32273.0;32290.0;40134.0;7861.0
1834;Gramado Xavier;3970.0;3970.0;3304.0;-666.0
1835;Gramado dos Loureiros;2269.0;2269.0;2014.0;-255.0
1836;Grandes Rios;6625.0;6625.0;5641.0;-984.0
1837;Granito;6855.0;6855.0;6967.0;112.0
1838;Granja;52645.0;51717.0;53344.0;699.0
1839;Granjeiro;4629.0;5025.0;4841.0;212.0
1840;Gravatal;10635.0;10618.0;12435.0;1800.0
1841;Gravataí;255660.0;255723.0;265074.0;9414.0
1842;Gravatá;76458.0;76476.0;86516.0;10058.0
1843;Graça;15049.0;14042.0;13801.0;-1248.0
1844;Graça Aranha;6140.0;6140.0;6023.0;-117.0
1845;Groaíras;10228.0;10147.0;10910.0;682.0
1846;Grossos;9393.0;9393.0;9924.0;531.0
1847;Grupiara;1373.0;1373.0;1392.0;19.0
1848;Grão Mogol;15024.0;15024.0;13901.0;-1123.0
1849;Grão-Pará;6223.0;6223.0;6277.0;54.0
1850;Guabiju;1598.0;1598.0;1417.0;-181.0
1851;Guabiruba;18430.0;18430.0;24543.0;6113.0
1852;Guadalupe;10268.0;10268.0;10270.0;2.0
1853;Guaimbê;5425.0;5425.0;5512.0;87.0
1854;Guairaçá;6197.0;6197.0;6587.0;390.0
1855;Guaiçara;10670.0;10670.0;11239.0;569.0
1856;Guaiúba;24091.0;23504.0;24325.0;234.0
1857;Guajará;13974.0;13974.0;13815.0;-159.0
1858;Guajará-Mirim;41656.0;41656.0;39387.0;-2269.0
1859;Guajeru;10412.0;9614.0;8050.0;-2362.0
1860;Guamaré;12404.0;12404.0;15295.0;2891.0
1861;Guamiranga;7900.0;7900.0;7856.0;-44.0
1862;Guanambi;78833.0;78452.0;87817.0;8984.0
1863;Guanhães;31262.0;31262.0;32244.0;982.0
1864;Guapiara;17998.0;17998.0;17071.0;-927.0
1865;Guapiaçu;17869.0;17869.0;21711.0;3842.0
1866;Guapimirim;51483.0;51233.0;51696.0;213.0
1867;Guapirama;3891.0;3891.0;4626.0;735.0
1868;Guaporema;2219.0;2226.0;2191.0;-28.0
1869;Guaporé;22814.0;22814.0;25268.0;2454.0
1870;Guapé;13872.0;13872.0;13772.0;-100.0
1871;Guapó;13976.0;13976.0;19545.0;5569.0
1872;Guarabira;55326.0;55381.0;57484.0;2158.0
1873;Guaraci;15203.0;15111.0;15098.0;-105.0
1874;Guaraciaba;20721.0;20721.0;20549.0;-172.0
1875;Guaraciaba do Norte;37775.0;38548.0;42053.0;4278.0
1876;Guaraciama;4718.0;4718.0;5051.0;333.0
1877;Guaramiranga;4164.0;5644.0;5654.0;1490.0
1878;Guaramirim;35172.0;35172.0;46711.0;11539.0
1879;Guarani;8678.0;8678.0;7714.0;-964.0
1880;Guarani d'Oeste;1970.0;1970.0;1968.0;-2.0
1881;Guarani das Missões;8115.0;8115.0;7415.0;-700.0
1882;Guarani de Goiás;4258.0;4258.0;4085.0;-173.0
1883;Guaraniaçu;14582.0;14582.0;13735.0;-847.0
1884;Guarantã;6404.0;6404.0;6427.0;23.0
1885;Guarantã do Norte;32216.0;32216.0;31024.0;-1192.0
1886;Guaranésia;18714.0;18714.0;19150.0;436.0
1887;Guarapari;105286.0;105286.0;124656.0;19370.0
1888;Guarapuava;167328.0;167414.0;182093.0;14765.0
1889;Guaraqueçaba;7871.0;7871.0;7430.0;-441.0
1890;Guararapes;30597.0;30597.0;31043.0;446.0
1891;Guararema;25844.0;25844.0;31236.0;5392.0
1892;Guarará;3929.0;3929.0;3149.0;-780.0
1893;Guaratinga;22165.0;21808.0;19049.0;-3116.0
1894;Guaratinguetá;112072.0;112072.0;118044.0;5972.0
1895;Guaratuba;32095.0;32095.0;42062.0;9967.0
1896;Guaraçaí;8435.0;8435.0;7441.0;-994.0
1897;Guaraí;23200.0;22661.0;24775.0;1575.0
1898;Guaraíta;2376.0;2372.0;2188.0;-188.0
1899;Guarda-Mor;6565.0;6565.0;6539.0;-26.0
1900;Guareí;14565.0;14565.0;15013.0;448.0
1901;Guariba;35486.0;35486.0;37498.0;2012.0
1902;Guaribas;4401.0;4401.0;4276.0;-125.0
1903;Guarinos;2299.0;2299.0;2161.0;-138.0
1904;Guarujá;290752.0;290752.0;287634.0;-3118.0
1905;Guarujá do Sul;4908.0;4908.0;4829.0;-79.0
1906;Guarulhos;1221979.0;1221979.0;1291771.0;69792.0
1907;Guará;19858.0;19858.0;18606.0;-1252.0
1908;Guatambú;4679.0;4679.0;8425.0;3746.0
1909;Guatapará;6966.0;6966.0;7320.0;354.0
1910;Guaxupé;49430.0;49430.0;50911.0;1481.0
1911;Guaçuí;27851.0;27851.0;29358.0;1507.0
1912;Guaíba;95204.0;95204.0;92924.0;-2280.0
1913;Guaíra;68108.0;68108.0;71376.0;3268.0
1914;Guia Lopes da Laguna;10366.0;10366.0;9940.0;-426.0
1915;Guidoval;7206.0;7206.0;7131.0;-75.0
1916;Guimarânia;7265.0;7265.0;8478.0;1213.0
1917;Guimarães;12081.0;12081.0;10290.0;-1791.0
1918;Guiratinga;13934.0;13970.0;10966.0;-2968.0
1919;Guiricema;8707.0;8707.0;7778.0;-929.0
1920;Gurinhatã;6137.0;6137.0;5192.0;-945.0
1921;Gurinhém;13872.0;13872.0;13766.0;-106.0
1922;Gurjão;3159.0;3159.0;3242.0;83.0
1923;Gurupi;76755.0;76755.0;85125.0;8370.0
1924;Gurupá;29062.0;29062.0;31786.0;2724.0
1925;Guzolândia;4754.0;4754.0;4246.0;-508.0
1926;Gália;7011.0;7011.0;6380.0;-631.0
1927;Harmonia;4254.0;4259.0;5378.0;1124.0
1928;Heitoraí;3571.0;3571.0;3354.0;-217.0
1929;Heliodora;6121.0;6121.0;6134.0;13.0
1930;Heliópolis;13192.0;13192.0;12309.0;-883.0
1931;Herculândia;8696.0;8696.0;9125.0;429.0
1932;Herval;6753.0;6753.0;6191.0;-562.0
1933;Herval d'Oeste;21239.0;21246.0;21724.0;485.0
1934;Herveiras;2954.0;2954.0;2565.0;-389.0
1935;Hidrolina;4029.0;4025.0;3545.0;-484.0
1936;Hidrolândia;36723.0;36294.0;45597.0;8874.0
1937;Holambra;11299.0;11299.0;15094.0;3795.0
1938;Honório Serpa;5955.0;5955.0;4941.0;-1014.0
1939;Horizonte;55187.0;55187.0;74755.0;19568.0
1940;Horizontina;18348.0;18348.0;18851.0;503.0
1941;Hortolândia;192692.0;192692.0;236641.0;43949.0
1942;Hugo Napoleão;3771.0;3771.0;3518.0;-253.0
1943;Hulha Negra;6043.0;6043.0;5976.0;-67.0
1944;Humaitá;49146.0;49146.0;62154.0;13008.0
1945;Humberto de Campos;26189.0;26189.0;25680.0;-509.0
1946;Iacanga;10013.0;10013.0;10437.0;424.0
1947;Iaciara;12427.0;12427.0;10584.0;-1843.0
1948;Iacri;6419.0;6419.0;6131.0;-288.0
1949;Iapu;10315.0;10407.0;12030.0;1715.0
1950;Iaras;6376.0;6376.0;8010.0;1634.0
1951;Iati;18360.0;18360.0;17165.0;-1195.0
1952;Iaçu;25736.0;25595.0;24607.0;-1129.0
1953;Ibaiti;28751.0;28813.0;28830.0;79.0
1954;Ibarama;4371.0;4380.0;3732.0;-639.0
1955;Ibaretama;12922.0;12939.0;11956.0;-966.0
1956;Ibateguara;15149.0;15149.0;13731.0;-1418.0
1957;Ibatiba;22366.0;22366.0;25380.0;3014.0
1958;Ibaté;30734.0;30734.0;32178.0;1444.0
1959;Ibema;6066.0;6066.0;6218.0;152.0
1960;Ibertioga;5036.0;5036.0;5198.0;162.0
1961;Ibiam;1945.0;1945.0;2008.0;63.0
1962;Ibiapina;23808.0;23726.0;23965.0;157.0
1963;Ibiara;6031.0;6031.0;5631.0;-400.0
1964;Ibiassucê;10062.0;10908.0;10429.0;367.0
1965;Ibiaçá;4710.0;4710.0;4527.0;-183.0
1966;Ibiaí;7839.0;7839.0;6286.0;-1553.0
1967;Ibicaraí;24272.0;24272.0;21665.0;-2607.0
1968;Ibicaré;3373.0;3373.0;3269.0;-104.0
1969;Ibicoara;17282.0;17099.0;20785.0;3503.0
1970;Ibicuitinga;11335.0;11335.0;11611.0;276.0
1971;Ibicuí;15785.0;15552.0;13934.0;-1851.0
1972;Ibimirim;26954.0;25965.0;26593.0;-361.0
1973;Ibipeba;17008.0;16798.0;16603.0;-405.0
1974;Ibipitanga;14171.0;14171.0;13863.0;-308.0
1975;Ibiporã;48198.0;48198.0;51603.0;3405.0
1976;Ibiquera;4866.0;3949.0;3725.0;-1141.0
1977;Ibiracatu;6155.0;5594.0;5081.0;-1074.0
1978;Ibiraci;12176.0;12176.0;10948.0;-1228.0
1979;Ibiraiaras;7171.0;7095.0;6776.0;-395.0
1980;Ibirajuba;7534.0;7534.0;7140.0;-394.0
1981;Ibirama;17330.0;17315.0;19862.0;2532.0
1982;Ibirapitanga;22598.0;22618.0;25344.0;2746.0
1983;Ibirapuitã;4061.0;4061.0;3723.0;-338.0
1984;Ibirapuã;7956.0;7948.0;8896.0;940.0
1985;Ibirarema;6725.0;6725.0;6385.0;-340.0
1986;Ibirataia;18943.0;19168.0;18792.0;-151.0
1987;Ibiraçu;11178.0;11178.0;11723.0;545.0
1988;Ibirité;158954.0;158224.0;170537.0;11583.0
1989;Ibirubá;19310.0;19310.0;21583.0;2273.0
1990;Ibirá;10896.0;10896.0;11690.0;794.0
1991;Ibitiara;15508.0;15392.0;14637.0;-871.0
1992;Ibitinga;53158.0;53158.0;60033.0;6875.0
1993;Ibitirama;8957.0;8957.0;9520.0;563.0
1994;Ibititá;17840.0;17103.0;16969.0;-871.0
1995;Ibitiúra de Minas;3382.0;3382.0;3365.0;-17.0
1996;Ibituruna;2866.0;2866.0;2698.0;-168.0
1997;Ibiá;23218.0;23218.0;22229.0;-989.0
1998;Ibiúna;71217.0;71217.0;75605.0;4388.0
1999;Ibotirama;25424.0;25645.0;26309.0;885.0
2000;Icapuí;18392.0;18392.0;21433.0;3041.0
2001;Icaraí de Minas;10746.0;10746.0;10677.0;-69.0
2002;Icaraíma;8839.0;8839.0;8991.0;152.0
2003;Icatu;25145.0;25145.0;24794.0;-351.0
2004;Ichu;5255.0;5957.0;6190.0;935.0
2005;Iconha;12523.0;12523.0;12326.0;-197.0
2006;Icém;7462.0;7462.0;7819.0;357.0
2007;Icó;65456.0;65357.0;62642.0;-2814.0
2008;Ielmo Marinho;12171.0;12171.0;11615.0;-556.0
2009;Iepê;7628.0;7628.0;7619.0;-9.0
2010;Igaci;25188.0;25197.0;23995.0;-1193.0
2011;Igaporã;15205.0;15229.0;15527.0;322.0
2012;Igaracy;6156.0;6099.0;5648.0;-508.0
2013;Igarapava;27952.0;27952.0;26212.0;-1740.0
2014;Igarapé;34851.0;34851.0;45847.0;10996.0
2015;Igarapé Grande;11041.0;10485.0;10231.0;-810.0
2016;Igarapé do Meio;12550.0;12550.0;13974.0;1424.0
2017;Igarapé-Açu;35887.0;35887.0;35797.0;-90.0
2018;Igarapé-Miri;58077.0;58077.0;64831.0;6754.0
2019;Igarassu;102021.0;102021.0;115196.0;13175.0
2020;Igaratinga;9264.0;9264.0;10830.0;1566.0
2021;Igaratá;8831.0;8831.0;10605.0;1774.0
2022;Igaraçu do Tietê;23362.0;23362.0;23106.0;-256.0
2023;Igrapiúna;13343.0;14270.0;13151.0;-192.0
2024;Igreja Nova;23292.0;23074.0;21372.0;-1920.0
2025;Igrejinha;31660.0;31899.0;32808.0;1148.0
2026;Iguaba Grande;22851.0;22848.0;27920.0;5069.0
2027;Iguape;28841.0;28841.0;29115.0;274.0
2028;Iguaracy;11779.0;11779.0;11081.0;-698.0
2029;Iguaraçu;3982.0;3982.0;5338.0;1356.0
2030;Iguatama;8029.0;8029.0;6826.0;-1203.0
2031;Iguatemi;14875.0;14875.0;13808.0;-1067.0
2032;Iguatu;98729.0;97477.0;100208.0;1479.0
2033;Iguaí;25705.0;25928.0;21491.0;-4214.0
2034;Ijaci;5859.0;5859.0;7003.0;1144.0
2035;Ijuí;78915.0;78915.0;84780.0;5865.0
2036;Ilha Comprida;9025.0;9025.0;13419.0;4394.0
2037;Ilha Grande;8914.0;8914.0;9274.0;360.0
2038;Ilha Solteira;25064.0;25064.0;25549.0;485.0
2039;Ilha das Flores;8348.0;8348.0;8321.0;-27.0
2040;Ilha de Itamaracá;21884.0;21884.0;24540.0;2656.0
2041;Ilhabela;28196.0;28196.0;34934.0;6738.0
2042;Ilhota;12355.0;12355.0;17046.0;4691.0
2043;Ilhéus;184236.0;182438.0;178649.0;-5587.0
2044;Ilicínea;11488.0;11488.0;12741.0;1253.0
2045;Ilópolis;4102.0;4175.0;4157.0;55.0
2046;Imaculada;11352.0;11352.0;10392.0;-960.0
2047;Imaruí;11672.0;11673.0;11881.0;209.0
2048;Imbaú;11274.0;11503.0;14249.0;2975.0
2049;Imbituba;40170.0;40170.0;52579.0;12409.0
2050;Imbituva;28455.0;28455.0;29924.0;1469.0
2051;Imbuia;5707.0;5699.0;5982.0;275.0
2052;Imbé;17670.0;17670.0;26824.0;9154.0
2053;Imbé de Minas;6424.0;6424.0;6986.0;562.0
2054;Imigrante;3023.0;3000.0;3080.0;57.0
2055;Imperatriz;247505.0;247505.0;273110.0;25605.0
2056;Inaciolândia;5699.0;5699.0;5954.0;255.0
2057;Inajá;22069.0;22995.0;28139.0;6070.0
2058;Inconfidentes;6908.0;6908.0;7301.0;393.0
2059;Indaiabira;7330.0;7330.0;6346.0;-984.0
2060;Indaial;54854.0;54854.0;71549.0;16695.0
2061;Indaiatuba;201619.0;201619.0;255748.0;54129.0
2062;Independência;32191.0;32191.0;30451.0;-1740.0
2063;Indiana;4825.0;4825.0;5090.0;265.0
2064;Indianópolis;10489.0;10489.0;10619.0;130.0
2065;Indiaporã;3903.0;3903.0;4035.0;132.0
2066;Indiara;13687.0;13690.0;17061.0;3374.0
2067;Indiaroba;15831.0;15831.0;16549.0;718.0
2068;Indiavaí;2397.0;2449.0;2213.0;-184.0
2069;Ingazeira;4496.0;4496.0;4765.0;269.0
2070;Ingaí;2629.0;2629.0;2580.0;-49.0
2071;Ingá;18180.0;17415.0;17692.0;-488.0
2072;Inhacorá;2267.0;2272.0;2014.0;-253.0
2073;Inhambupe;36306.0;35176.0;33790.0;-2516.0
2074;Inhangapi;10037.0;10037.0;10325.0;288.0
2075;Inhapi;17898.0;17886.0;15167.0;-2731.0
2076;Inhapim;24294.0;24294.0;22692.0;-1602.0
2077;Inhaúma;5760.0;5760.0;6239.0;479.0
2078;Inhuma;14845.0;14845.0;14958.0;113.0
2079;Inhumas;48246.0;48257.0;52204.0;3958.0
2080;Inimutaba;6724.0;6939.0;7371.0;647.0
2081;Inocência;7669.0;7677.0;8404.0;735.0
2082;Inácio Martins;10943.0;10943.0;9670.0;-1273.0
2083;Inúbia Paulista;3630.0;3630.0;3615.0;-15.0
2084;Iomerê;2739.0;2739.0;2877.0;138.0
2085;Ipaba;16708.0;16708.0;17136.0;428.0
2086;Ipameri;24735.0;24740.0;25548.0;813.0
2087;Ipanema;18170.0;18170.0;19522.0;1352.0
2088;Ipanguaçu;13856.0;13856.0;14131.0;275.0
2089;Ipaporanga;11343.0;11347.0;11575.0;232.0
2090;Ipatinga;239468.0;239468.0;227731.0;-11737.0
2091;Ipaumirim;12009.0;12009.0;12083.0;74.0
2092;Ipaussu;13663.0;13663.0;13712.0;49.0
2093;Ipecaetá;15331.0;15487.0;13709.0;-1622.0
2094;Iperó;28300.0;28300.0;36459.0;8159.0
2095;Ipeúna;6016.0;6016.0;6831.0;815.0
2096;Ipiaçu;4107.0;4107.0;3775.0;-332.0
2097;Ipiaú;44390.0;44485.0;40706.0;-3684.0
2098;Ipiguá;4463.0;4463.0;6761.0;2298.0
2099;Ipira;4752.0;4735.0;4578.0;-174.0
2100;Ipiranga;14150.0;14091.0;14142.0;-8.0
2101;Ipiranga de Goiás;2844.0;2843.0;2919.0;75.0
2102;Ipiranga do Norte;5123.0;5113.0;7815.0;2692.0
2103;Ipiranga do Piauí;9327.0;9327.0;9420.0;93.0
2104;Ipiranga do Sul;1944.0;1944.0;1720.0;-224.0
2105;Ipirá;59343.0;59970.0;56876.0;-2467.0
2106;Ipixuna;22254.0;22254.0;24311.0;2057.0
2107;Ipixuna do Pará;51309.0;47881.0;30329.0;-20980.0
2108;Ipojuca;80637.0;80637.0;98932.0;18295.0
2109;Iporanga;4299.0;4299.0;4046.0;-253.0
2110;Iporá;31274.0;31278.0;35684.0;4410.0
2111;Iporã;14981.0;14981.0;15746.0;765.0
2112;Iporã do Oeste;8409.0;8400.0;9335.0;926.0
2113;Ipu;40296.0;40292.0;41081.0;785.0
2114;Ipuaçu;6798.0;6798.0;7730.0;932.0
2115;Ipubi;28120.0;27097.0;29009.0;889.0
2116;Ipueira;2077.0;2077.0;2035.0;-42.0
2117;Ipueiras;39501.0;39515.0;38388.0;-1113.0
2118;Ipuiúna;9521.0;9521.0;9135.0;-386.0
2119;Ipumirim;7220.0;7220.0;7816.0;596.0
2120;Ipupiara;9285.0;9229.0;9935.0;650.0
2121;Ipuã;14148.0;14148.0;14454.0;306.0
2122;Ipê;6016.0;6018.0;5399.0;-617.0
2123;Iracema;22418.0;22456.0;24024.0;1606.0
2124;Iracema do Oeste;2578.0;2578.0;2343.0;-235.0
2125;Iraceminha;4253.0;4257.0;3986.0;-267.0
2126;Iracemápolis;20029.0;20029.0;21967.0;1938.0
2127;Irajuba;7002.0;6946.0;6101.0;-901.0
2128;Iramaia;11990.0;11675.0;10752.0;-1238.0
2129;Iranduba;40781.0;40781.0;61163.0;20382.0
2130;Irani;9531.0;9531.0;10195.0;664.0
2131;Irapuru;7789.0;7789.0;7085.0;-704.0
2132;Irapuã;7275.0;7275.0;6867.0;-408.0
2133;Iraquara;22601.0;22170.0;23879.0;1278.0
2134;Irará;27466.0;27112.0;28043.0;577.0
2135;Irati;58303.0;58303.0;61319.0;3016.0
2136;Irauçuba;22324.0;22324.0;23915.0;1591.0
2137;Iraí;8078.0;8078.0;7482.0;-596.0
2138;Iraí de Minas;6467.0;6467.0;7180.0;713.0
2139;Irecê;66181.0;66117.0;74507.0;8326.0
2140;Iretama;10622.0;10622.0;10684.0;62.0
2141;Irineópolis;10448.0;10434.0;10285.0;-163.0
2142;Irituia;31364.0;31364.0;30955.0;-409.0
2143;Irupi;11723.0;11723.0;13710.0;1987.0
2144;Isaías Coelho;8221.0;8193.0;7774.0;-447.0
2145;Israelândia;2887.0;2887.0;2560.0;-327.0
2146;Itaara;5010.0;5010.0;5572.0;562.0
2147;Itabaiana;111448.0;111448.0;126622.0;15174.0
2148;Itabaianinha;38910.0;38910.0;40678.0;1768.0
2149;Itabela;28390.0;28391.0;28165.0;-225.0
2150;Itaberaba;61631.0;61681.0;65073.0;3442.0
2151;Itaberaí;35371.0;35374.0;44734.0;9363.0
2152;Itaberá;17858.0;17858.0;17983.0;125.0
2153;Itabi;4972.0;4972.0;4745.0;-227.0
2154;Itabira;109783.0;109783.0;113343.0;3560.0
2155;Itabirinha;10692.0;10692.0;10362.0;-330.0
2156;Itabirito;45449.0;45452.0;53365.0;7916.0
2157;Itaboraí;218008.0;217790.0;224267.0;6259.0
2158;Itabuna;204667.0;204478.0;186708.0;-17959.0
2159;Itacajá;7104.0;7104.0;6819.0;-285.0
2160;Itacambira;4988.0;4988.0;4252.0;-736.0
2161;Itacarambi;17720.0;17720.0;17208.0;-512.0
2162;Itacaré;24318.0;23971.0;27704.0;3386.0
2163;Itacoatiara;86839.0;86839.0;103598.0;16759.0
2164;Itacuruba;4369.0;4369.0;4284.0;-85.0
2165;Itacurubi;3441.0;3441.0;2995.0;-446.0
2166;Itaeté;14924.0;15200.0;13472.0;-1452.0
2167;Itagi;13051.0;13152.0;13803.0;752.0
2168;Itagibá;15193.0;15523.0;15310.0;117.0
2169;Itagimirim;7110.0;7154.0;6347.0;-763.0
2170;Itaguajé;4568.0;4568.0;4481.0;-87.0
2171;Itaguara;12372.0;12372.0;13846.0;1474.0
2172;Itaguari;4513.0;4503.0;4963.0;450.0
2173;Itaguaru;5437.0;5446.0;4904.0;-533.0
2174;Itaguatins;6029.0;6029.0;5172.0;-857.0
2175;Itaguaçu;14134.0;14134.0;13589.0;-545.0
2176;Itaguaçu da Bahia;13209.0;13041.0;12311.0;-898.0
2177;Itaguaí;109091.0;113691.0;116841.0;7750.0
2178;Itainópolis;11109.0;11059.0;10790.0;-319.0
2179;Itaipava do Grajaú;14297.0;14110.0;13828.0;-469.0
2180;Itaipulândia;9026.0;9026.0;11485.0;2459.0
2181;Itaipé;11798.0;11798.0;10463.0;-1335.0
2182;Itaitinga;35817.0;34102.0;64650.0;28833.0
2183;Itaituba;97493.0;97493.0;123314.0;25821.0
2184;Itaiçaba;7316.0;7316.0;7536.0;220.0
2185;Itaiópolis;20301.0;20301.0;22051.0;1750.0
2186;Itajaí;183373.0;183373.0;264054.0;80681.0
2187;Itajobi;14556.0;14556.0;16989.0;2433.0
2188;Itaju;3246.0;3246.0;3618.0;372.0
2189;Itaju do Colônia;7309.0;7376.0;6037.0;-1272.0
2190;Itajubá;90658.0;90658.0;93073.0;2415.0
2191;Itajuípe;21081.0;20981.0;18781.0;-2300.0
2192;Itajá;11994.0;11994.0;11672.0;-322.0
2193;Italva;14063.0;14063.0;14073.0;10.0
2194;Itamaraju;63069.0;63513.0;59605.0;-3464.0
2195;Itamarandiba;32175.0;32175.0;32948.0;773.0
2196;Itamarati;8038.0;8038.0;10937.0;2899.0
2197;Itamarati de Minas;4079.0;4079.0;3690.0;-389.0
2198;Itamari;7903.0;8190.0;7051.0;-852.0
2199;Itambacuri;22809.0;22809.0;21042.0;-1767.0
2200;Itambaracá;6759.0;6759.0;5908.0;-851.0
2201;Itambé;64466.0;66827.0;65440.0;974.0
2202;Itambé do Mato Dentro;2283.0;2283.0;2142.0;-141.0
2203;Itamogi;10349.0;10349.0;10770.0;421.0
2204;Itamonte;14003.0;14003.0;14786.0;783.0
2205;Itanagra;7598.0;6352.0;5914.0;-1684.0
2206;Itanhandu;14175.0;14175.0;15236.0;1061.0
2207;Itanhangá;5276.0;5276.0;7539.0;2263.0
2208;Itanhaém;87057.0;87057.0;112476.0;25419.0
2209;Itanhomi;11856.0;11856.0;11128.0;-728.0
2210;Itanhém;20216.0;19884.0;17813.0;-2403.0
2211;Itaobim;21001.0;21001.0;19151.0;-1850.0
2212;Itaoca;3228.0;3228.0;3422.0;194.0
2213;Itaocara;22899.0;22899.0;22919.0;20.0
2214;Itapaci;18458.0;18458.0;21087.0;2629.0
2215;Itapagipe;13656.0;13656.0;13690.0;34.0
2216;Itapajé;48350.0;48070.0;46426.0;-1924.0
2217;Itaparica;20725.0;20725.0;19789.0;-936.0
2218;Itapebi;10495.0;10482.0;9174.0;-1321.0
2219;Itapecerica;21377.0;21377.0;21046.0;-331.0
2220;Itapecerica da Serra;152614.0;152614.0;158522.0;5908.0
2221;Itapecuru Mirim;62110.0;62110.0;60440.0;-1670.0
2222;Itapejara d'Oeste;10531.0;10531.0;12344.0;1813.0
2223;Itapema;45797.0;45797.0;75940.0;30143.0
2224;Itapemirim;30988.0;30768.0;39832.0;8844.0
2225;Itaperuna;95841.0;95867.0;101041.0;5200.0
2226;Itaperuçu;23887.0;24044.0;31217.0;7330.0
2227;Itapetim;13881.0;13980.0;13791.0;-90.0
2228;Itapetinga;68273.0;68343.0;65897.0;-2376.0
2229;Itapetininga;144377.0;144377.0;157790.0;13413.0
2230;Itapeva;96417.0;96417.0;102420.0;6003.0
2231;Itapevi;200769.0;200769.0;232297.0;31528.0
2232;Itapicuru;32261.0;31891.0;31679.0;-582.0
2233;Itapipoca;116065.0;116076.0;131123.0;15058.0
2234;Itapira;68537.0;68537.0;72022.0;3485.0
2235;Itapiranga;23620.0;23582.0;26800.0;3180.0
2236;Itapirapuã;7835.0;7835.0;8007.0;172.0
2237;Itapirapuã Paulista;3880.0;3880.0;4306.0;426.0
2238;Itapiratins;3532.0;3532.0;3577.0;45.0
2239;Itapissuma;23769.0;23769.0;27749.0;3980.0
2240;Itapitanga;10207.0;10250.0;10279.0;72.0
2241;Itapiúna;18626.0;18732.0;17841.0;-785.0
2242;Itaporanga;37741.0;37647.0;38025.0;284.0
2243;Itaporanga d'Ajuda;30419.0;30419.0;34411.0;3992.0
2244;Itapororoca;16997.0;16997.0;18382.0;1385.0
2245;Itaporã;20865.0;21418.0;24137.0;3272.0
2246;Itaporã do Tocantins;2445.0;2445.0;2404.0;-41.0
2247;Itapoá;14763.0;14763.0;30750.0;15987.0
2248;Itapuca;2344.0;2344.0;1937.0;-407.0
2249;Itapura;4357.0;4357.0;3979.0;-378.0
2250;Itapuranga;26125.0;26127.0;26113.0;-12.0
2251;Itapuã do Oeste;8566.0;8566.0;8548.0;-18.0
2252;Itapuí;12173.0;12173.0;13659.0;1486.0
2253;Itapé;10995.0;10883.0;10341.0;-654.0
2254;Itaquaquecetuba;321770.0;321770.0;369275.0;47505.0
2255;Itaquara;7678.0;7871.0;8153.0;475.0
2256;Itaqui;38159.0;38159.0;35768.0;-2391.0
2257;Itaquiraí;18614.0;18614.0;19423.0;809.0
2258;Itaquitinga;15692.0;16105.0;16554.0;862.0
2259;Itarana;10881.0;10881.0;10597.0;-284.0
2260;Itarantim;18539.0;18412.0;17052.0;-1487.0
2261;Itararé;47934.0;47934.0;44438.0;-3496.0
2262;Itarema;37471.0;37453.0;42957.0;5486.0
2263;Itariri;15471.0;15471.0;15528.0;57.0
2264;Itarumã;6300.0;6300.0;6101.0;-199.0
2265;Itati;2584.0;2584.0;2638.0;54.0
2266;Itatiaia;28783.0;28783.0;30908.0;2125.0
2267;Itatiaiuçu;9928.0;9928.0;12966.0;3038.0
2268;Itatiba;101471.0;101471.0;121590.0;20119.0
2269;Itatiba do Sul;4171.0;4171.0;3208.0;-963.0
2270;Itatim;14522.0;13691.0;15737.0;1215.0
2271;Itatinga;18052.0;18052.0;19070.0;1018.0
2272;Itatira;18894.0;19516.0;20424.0;1530.0
2273;Itatuba;10201.0;10302.0;10499.0;298.0
2274;Itaubal;4265.0;4265.0;5599.0;1334.0
2275;Itaueira;10678.0;10678.0;10323.0;-355.0
2276;Itauçu;8575.0;8563.0;7736.0;-839.0
2277;Itaverava;5799.0;5799.0;5642.0;-157.0
2278;Itaí;24008.0;24008.0;25180.0;1172.0
2279;Itaíba;26256.0;26122.0;32650.0;6394.0
2280;Itaú;5564.0;5564.0;5320.0;-244.0
2281;Itaú de Minas;14945.0;14945.0;14406.0;-539.0
2282;Itaúba;4575.0;4575.0;5020.0;445.0
2283;Itaúna;85463.0;85463.0;97669.0;12206.0
2284;Itaúna do Sul;3583.0;3583.0;3572.0;-11.0
2285;Itinga;14407.0;14407.0;13745.0;-662.0
2286;Itinga do Maranhão;24863.0;24863.0;22513.0;-2350.0
2287;Itiquira;11478.0;11478.0;12236.0;758.0
2288;Itirapina;15524.0;15524.0;16148.0;624.0
2289;Itirapuã;5914.0;5914.0;5779.0;-135.0
2290;Itiruçu;12693.0;12785.0;10999.0;-1694.0
2291;Itiúba;36113.0;35121.0;33872.0;-2241.0
2292;Itobi;7546.0;7546.0;8046.0;500.0
2293;Itororó;19914.0;19914.0;16617.0;-3297.0
2294;Itu;154147.0;154147.0;168240.0;14093.0
2295;Ituaçu;18127.0;17915.0;17914.0;-213.0
2296;Ituberá;26591.0;26691.0;21902.0;-4689.0
2297;Itueta;5830.0;5830.0;6055.0;225.0
2298;Ituiutaba;97171.0;97171.0;102217.0;5046.0
2299;Itumbiara;92883.0;92876.0;107970.0;15087.0
2300;Itumirim;6139.0;6139.0;6638.0;499.0
2301;Itupeva;44859.0;44859.0;70616.0;25757.0
2302;Itupiranga;51220.0;51220.0;49754.0;-1466.0
2303;Ituporanga;22250.0;22226.0;26525.0;4275.0
2304;Iturama;34456.0;34456.0;38295.0;3839.0
2305;Itutinga;3913.0;3913.0;4217.0;304.0
2306;Ituverava;38695.0;38695.0;37571.0;-1124.0
2307;Itá;6426.0;6426.0;7067.0;641.0
2308;Itápolis;40051.0;40051.0;39493.0;-558.0
2309;Iuiu;10900.0;10553.0;11118.0;218.0
2310;Ivaiporã;31816.0;31856.0;32720.0;904.0
2311;Ivatuba;3010.0;3010.0;2708.0;-302.0
2312;Ivaté;7514.0;7514.0;6831.0;-683.0
2313;Ivaí;12815.0;12815.0;13229.0;414.0
2314;Ivinhema;22341.0;22341.0;27821.0;5480.0
2315;Ivolândia;2663.0;2658.0;2693.0;30.0
2316;Ivorá;2156.0;2156.0;1929.0;-227.0
2317;Ivoti;19874.0;19874.0;22983.0;3109.0
2318;Içara;58833.0;47982.0;59035.0;202.0
2319;Iúna;27328.0;27328.0;28590.0;1262.0
2320;Jaboatão dos Guararapes;644620.0;644620.0;644037.0;-583.0
2321;Jaborandi;15565.0;15844.0;15496.0;-69.0
2322;Jaborá;4041.0;4041.0;4310.0;269.0
2323;Jaboti;4902.0;4902.0;5427.0;525.0
2324;Jaboticaba;4098.0;4098.0;3779.0;-319.0
2325;Jaboticabal;71662.0;71662.0;71821.0;159.0
2326;Jaboticatubas;17134.0;17134.0;20406.0;3272.0
2327;Jacaraci;13651.0;14473.0;14436.0;785.0
2328;Jacaraú;13942.0;14004.0;14477.0;535.0
2329;Jacareacanga;14103.0;14103.0;24042.0;9939.0
2330;Jacarezinho;39121.0;39121.0;40375.0;1254.0
2331;Jacareí;211214.0;211214.0;240275.0;29061.0
2332;Jacaré dos Homens;5413.0;5461.0;5083.0;-330.0
2333;Jaci;5657.0;5657.0;7613.0;1956.0
2334;Jaciara;25647.0;25882.0;28569.0;2922.0
2335;Jacinto;12134.0;12134.0;11042.0;-1092.0
2336;Jacinto Machado;10609.0;10608.0;10624.0;15.0
2337;Jacobina;79247.0;77758.0;82590.0;3343.0
2338;Jacobina do Piauí;5722.0;5717.0;5613.0;-109.0
2339;Jacuizinho;2507.0;2507.0;2040.0;-467.0
2340;Jacundá;51360.0;51360.0;37707.0;-13653.0
2341;Jacupiranga;17208.0;17208.0;16097.0;-1111.0
2342;Jacutinga;26405.0;26405.0;28863.0;2458.0
2343;Jacuí;7502.0;7502.0;7495.0;-7.0
2344;Jacuípe;6997.0;6997.0;5352.0;-1645.0
2345;Jaguapitã;12225.0;12225.0;15122.0;2897.0
2346;Jaguaquara;51011.0;50907.0;45964.0;-5047.0
2347;Jaguarari;30343.0;31184.0;32703.0;2360.0
2348;Jaguaraçu;2990.0;2990.0;3092.0;102.0
2349;Jaguaretama;17863.0;17934.0;17232.0;-631.0
2350;Jaguari;11473.0;11475.0;10579.0;-894.0
2351;Jaguariaíva;32606.0;32606.0;35141.0;2535.0
2352;Jaguaribara;10399.0;10353.0;10356.0;-43.0
2353;Jaguaribe;34409.0;34409.0;33726.0;-683.0
2354;Jaguaripe;16467.0;16552.0;17659.0;1192.0
2355;Jaguariúna;44311.0;44311.0;59347.0;15036.0
2356;Jaguaruana;32236.0;31859.0;31701.0;-535.0
2357;Jaguaruna;17290.0;17290.0;20375.0;3085.0
2358;Jaguarão;27931.0;27931.0;26603.0;-1328.0
2359;Jaguaré;24678.0;24678.0;28931.0;4253.0
2360;Jaicós;18035.0;18035.0;17527.0;-508.0
2361;Jales;47012.0;47012.0;48776.0;1764.0
2362;Jambeiro;5349.0;5349.0;6397.0;1048.0
2363;Jampruca;5067.0;5067.0;4296.0;-771.0
2364;Janaúba;66803.0;66803.0;70699.0;3896.0
2365;Jandaia;6164.0;6164.0;6272.0;108.0
2366;Jandaia do Sul;20269.0;20269.0;21408.0;1139.0
2367;Jandaíra;17132.0;16916.0;15847.0;-1285.0
2368;Jandira;108344.0;108344.0;118045.0;9701.0
2369;Janduís;5345.0;5345.0;4746.0;-599.0
2370;Jangada;7696.0;7771.0;7426.0;-270.0
2371;Janiópolis;6532.0;6532.0;5870.0;-662.0
2372;Januária;65463.0;65463.0;65150.0;-313.0
2373;Januário Cicco;9011.0;9062.0;9051.0;40.0
2374;Japaratinga;7754.0;7754.0;9219.0;1465.0
2375;Japaratuba;16864.0;16864.0;16209.0;-655.0
2376;Japaraíba;3939.0;3939.0;4506.0;567.0
2377;Japeri;95492.0;95492.0;96289.0;797.0
2378;Japi;5522.0;5522.0;5117.0;-405.0
2379;Japira;4903.0;4841.0;4972.0;69.0
2380;Japoatã;12938.0;13236.0;13407.0;469.0
2381;Japonvar;8298.0;7718.0;8127.0;-171.0
2382;Japorã;7731.0;7731.0;8148.0;417.0
2383;Japurá;15875.0;15875.0;18002.0;2127.0
2384;Jaqueira;11501.0;11501.0;10247.0;-1254.0
2385;Jaquirana;4177.0;4177.0;3690.0;-487.0
2386;Jaraguari;6341.0;6341.0;7139.0;798.0
2387;Jaraguá;41870.0;41883.0;45223.0;3353.0
2388;Jaraguá do Sul;143123.0;143132.0;182660.0;39537.0
2389;Jaramataia;5558.0;5727.0;4985.0;-573.0
2390;Jardim;51034.0;50909.0;51392.0;358.0
2391;Jardim Alegre;12324.0;12328.0;12004.0;-320.0
2392;Jardim Olinda;1409.0;1409.0;1343.0;-66.0
2393;Jardim de Angicos;2607.0;2607.0;2437.0;-170.0
2394;Jardim de Piranhas;13506.0;13506.0;13977.0;471.0
2395;Jardim do Mulato;4309.0;4309.0;4180.0;-129.0
2396;Jardim do Seridó;12113.0;12113.0;11655.0;-458.0
2397;Jardinópolis;39427.0;39430.0;47058.0;7631.0
2398;Jari;3575.0;3573.0;3349.0;-226.0
2399;Jarinu;23847.0;23847.0;37535.0;13688.0
2400;Jaru;52005.0;52005.0;50591.0;-1414.0
2401;Jataizinho;11875.0;11875.0;11813.0;-62.0
2402;Jataí;88006.0;88006.0;105729.0;17723.0
2403;Jataúba;15819.0;16042.0;15843.0;24.0
2404;Jateí;4011.0;4011.0;3586.0;-425.0
2405;Jati;7660.0;7769.0;7861.0;201.0
2406;Jatobá;22489.0;22489.0;21491.0;-998.0
2407;Jatobá do Piauí;4656.0;4656.0;4494.0;-162.0
2408;Jaupaci;3000.0;3000.0;2924.0;-76.0
2409;Jauru;10455.0;10448.0;8367.0;-2088.0
2410;Jaçanã;7925.0;7925.0;7834.0;-91.0
2411;Jaíba;33587.0;33602.0;37660.0;4073.0
2412;Jaú;131040.0;131040.0;133497.0;2457.0
2413;Jaú do Tocantins;3507.0;3507.0;3334.0;-173.0
2414;Jeceaba;5395.0;5395.0;6197.0;802.0
2415;Jenipapo de Minas;7116.0;7116.0;6100.0;-1016.0
2416;Jenipapo dos Vieiras;15440.0;15839.0;17076.0;1636.0
2417;Jequeri;12848.0;12848.0;12419.0;-429.0
2418;Jequitaí;8005.0;8005.0;6484.0;-1521.0
2419;Jequitibá;5156.0;5156.0;5883.0;727.0
2420;Jequitinhonha;24131.0;24131.0;24007.0;-124.0
2421;Jequiá da Praia;12029.0;11724.0;9470.0;-2559.0
2422;Jequié;151895.0;151301.0;158813.0;6918.0
2423;Jeremoabo;37680.0;37814.0;37626.0;-54.0
2424;Jericó;7538.0;7538.0;7516.0;-22.0
2425;Jeriquara;3160.0;3160.0;3863.0;703.0
2426;Jerumenha;4390.0;4390.0;4497.0;107.0
2427;Jerônimo Monteiro;10879.0;11255.0;11575.0;696.0
2428;Jesuânia;4768.0;4768.0;5138.0;370.0
2429;Jesuítas;9001.0;9001.0;10506.0;1505.0
2430;Jesúpolis;2300.0;2278.0;2123.0;-177.0
2431;Ji-Paraná;116610.0;116610.0;124333.0;7723.0
2432;Jijoca de Jericoacoara;17002.0;16958.0;25555.0;8553.0
2433;Jiquiriçá;14118.0;14055.0;13629.0;-489.0
2434;Jitaúna;14115.0;14413.0;14355.0;240.0
2435;Joanésia;5425.0;5425.0;4329.0;-1096.0
2436;Joanópolis;11768.0;11768.0;12815.0;1047.0
2437;Joaquim Felício;4305.0;4305.0;3854.0;-451.0
2438;Joaquim Gomes;22575.0;22575.0;17150.0;-5425.0
2439;Joaquim Nabuco;15773.0;15732.0;13269.0;-2504.0
2440;Joaquim Pires;13817.0;13817.0;13886.0;69.0
2441;Joaquim Távora;10736.0;10736.0;11945.0;1209.0
2442;Joaçaba;27020.0;27020.0;30146.0;3126.0
2443;Joaíma;14941.0;14941.0;13888.0;-1053.0
2444;Joca Claudino;2615.0;2564.0;2539.0;-76.0
2445;Joca Marques;5100.0;5100.0;5394.0;294.0
2446;Joinville;515288.0;515288.0;616317.0;101029.0
2447;Jordânia;10324.0;10324.0;10304.0;-20.0
2448;Jordão;6577.0;6577.0;9222.0;2645.0
2449;Joselândia;15433.0;15561.0;14924.0;-509.0
2450;Josenópolis;4566.0;4566.0;3630.0;-936.0
2451;José Boiteux;4721.0;4812.0;5985.0;1264.0
2452;José Bonifácio;32763.0;32763.0;36633.0;3870.0
2453;José Gonçalves de Minas;4553.0;4553.0;3969.0;-584.0
2454;José Raydan;4376.0;4376.0;4268.0;-108.0
2455;José da Penha;5868.0;5868.0;5803.0;-65.0
2456;José de Freitas;37085.0;37085.0;42559.0;5474.0
2457;Joviânia;7118.0;7118.0;7159.0;41.0
2458;João Alfredo;30743.0;30069.0;27725.0;-3018.0
2459;João Costa;2960.0;2960.0;2970.0;10.0
2460;João Câmara;32227.0;32227.0;33290.0;1063.0
2461;João Dias;2601.0;2601.0;2076.0;-525.0
2462;João Dourado;22549.0;22609.0;24854.0;2305.0
2463;João Lisboa;20381.0;23900.0;24709.0;4328.0
2464;João Monlevade;73610.0;73610.0;80187.0;6577.0
2465;João Neiva;15809.0;15809.0;14079.0;-1730.0
2466;João Pessoa;723515.0;723515.0;833932.0;110417.0
2467;João Pinheiro;45260.0;43962.0;46801.0;1541.0
2468;João Ramalho;4150.0;4150.0;4371.0;221.0
2469;Juara;32791.0;32781.0;34906.0;2115.0
2470;Juarez Távora;7459.0;7459.0;7796.0;337.0
2471;Juarina;2231.0;2231.0;2243.0;12.0
2472;Juatuba;22202.0;22170.0;30716.0;8514.0
2473;Juazeirinho;16776.0;16776.0;17007.0;231.0
2474;Juazeiro;197965.0;198241.0;237821.0;39856.0
2475;Juazeiro do Norte;249939.0;250095.0;286120.0;36181.0
2476;Juazeiro do Piauí;4757.0;5290.0;5214.0;457.0
2477;Jucati;10604.0;10604.0;11517.0;913.0
2478;Jucurutu;17692.0;17692.0;17793.0;101.0
2479;Jucuruçu;10290.0;10290.0;9655.0;-635.0
2480;Jucás;23807.0;23807.0;23922.0;115.0
2481;Juiz de Fora;516247.0;516247.0;540756.0;24509.0
2482;Jumirim;2798.0;2798.0;3056.0;258.0
2483;Junco do Maranhão;4020.0;4891.0;5146.0;1126.0
2484;Junco do Seridó;6643.0;6643.0;6793.0;150.0
2485;Jundiaí;370126.0;370126.0;443221.0;73095.0
2486;Jundiaí do Sul;3433.0;3433.0;3333.0;-100.0
2487;Jundiá;7784.0;7819.0;7831.0;47.0
2488;Junqueiro;23836.0;24192.0;23907.0;71.0
2489;Junqueirópolis;18726.0;18726.0;20448.0;1722.0
2490;Jupi;13705.0;13705.0;15329.0;1624.0
2491;Jupiá;2148.0;2148.0;2555.0;407.0
2492;Juquitiba;28737.0;28737.0;27404.0;-1333.0
2493;Juquiá;19246.0;19246.0;17154.0;-2092.0
2494;Juramento;4113.0;4113.0;3768.0;-345.0
2495;Juranda;7641.0;7649.0;7771.0;130.0
2496;Jurema;19058.0;19058.0;18073.0;-985.0
2497;Juripiranga;10237.0;10237.0;10012.0;-225.0
2498;Juru;9826.0;9826.0;9234.0;-592.0
2499;Juruaia;9238.0;9238.0;11084.0;1846.0
2500;Juruena;11201.0;11190.0;10213.0;-988.0
2501;Juruti;47086.0;47086.0;50881.0;3795.0
2502;Juruá;10802.0;10802.0;10742.0;-60.0
2503;Juscimeira;11430.0;11439.0;11480.0;50.0
2504;Jussara;40815.0;40957.0;42664.0;1849.0
2505;Jussari;6474.0;6353.0;5888.0;-586.0
2506;Jussiape;8031.0;8099.0;7379.0;-652.0
2507;Jutaí;17992.0;17992.0;25172.0;7180.0
2508;Juti;5900.0;5897.0;6729.0;829.0
2509;Juvenília;5708.0;5708.0;5789.0;81.0
2510;Juína;39255.0;39267.0;45869.0;6614.0
2511;Jóia;8331.0;8331.0;7184.0;-1147.0
2512;Júlio Borges;5373.0;5373.0;5388.0;15.0
2513;Júlio Mesquita;4430.0;4430.0;4254.0;-176.0
2514;Júlio de Castilhos;19579.0;19579.0;18226.0;-1353.0
2515;Kaloré;4506.0;4506.0;4582.0;76.0
2516;Lacerdópolis;2199.0;2199.0;2248.0;49.0
2517;Ladainha;16994.0;16994.0;14383.0;-2611.0
2518;Ladário;19617.0;19615.0;21522.0;1905.0
2519;Lafaiete Coutinho;3901.0;3950.0;4075.0;174.0
2520;Lagamar;7600.0;7600.0;6631.0;-969.0
2521;Lagarto;94861.0;94861.0;101579.0;6718.0
2522;Lages;156727.0;156727.0;164981.0;8254.0
2523;Lago Verde;15412.0;15412.0;14769.0;-643.0
2524;Lago da Pedra;46083.0;46083.0;44403.0;-1680.0
2525;Lago do Junco;10729.0;10343.0;9506.0;-1223.0
2526;Lago dos Rodrigues;7794.0;8840.0;8758.0;964.0
2527;Lagoa;4681.0;4681.0;4415.0;-266.0
2528;Lagoa Alegre;8008.0;8008.0;8256.0;248.0
2529;Lagoa Bonita do Sul;2662.0;2662.0;2251.0;-411.0
2530;Lagoa Dourada;12256.0;12256.0;12769.0;513.0
2531;Lagoa Formosa;17161.0;17161.0;18904.0;1743.0
2532;Lagoa Grande;31391.0;31391.0;33057.0;1666.0
2533;Lagoa Grande do Maranhão;10517.0;10517.0;11411.0;894.0
2534;Lagoa Nova;13983.0;13983.0;15573.0;1590.0
2535;Lagoa Real;13934.0;14326.0;14105.0;171.0
2536;Lagoa Salgada;7564.0;7564.0;8319.0;755.0
2537;Lagoa Santa;53774.0;53774.0;76535.0;22761.0
2538;Lagoa Seca;25900.0;26033.0;27730.0;1830.0
2539;Lagoa Vermelha;27525.0;27527.0;27659.0;134.0
2540;Lagoa d'Anta;6227.0;6227.0;6654.0;427.0
2541;Lagoa da Canoa;18250.0;18219.0;18457.0;207.0
2542;Lagoa da Confusão;10210.0;10210.0;15288.0;5078.0
2543;Lagoa da Prata;45984.0;45984.0;51412.0;5428.0
2544;Lagoa de Dentro;7370.0;7428.0;7819.0;449.0
2545;Lagoa de Itaenga;20659.0;20659.0;19003.0;-1656.0
2546;Lagoa de Pedras;6989.0;6989.0;7338.0;349.0
2547;Lagoa de São Francisco;6422.0;6422.0;6331.0;-91.0
2548;Lagoa de Velhos;2668.0;2668.0;2567.0;-101.0
2549;Lagoa do Barro do Piauí;4523.0;4530.0;4995.0;472.0
2550;Lagoa do Carro;16007.0;16007.0;17981.0;1974.0
2551;Lagoa do Mato;10934.0;10887.0;10572.0;-362.0
2552;Lagoa do Ouro;12132.0;12132.0;11933.0;-199.0
2553;Lagoa do Piauí;3863.0;3863.0;4810.0;947.0
2554;Lagoa do Sítio;4850.0;4850.0;4520.0;-330.0
2555;Lagoa do Tocantins;3525.0;3525.0;3516.0;-9.0
2556;Lagoa dos Gatos;15615.0;15665.0;14076.0;-1539.0
2557;Lagoa dos Patos;4225.0;4225.0;3313.0;-912.0
2558;Lagoa dos Três Cantos;1598.0;1598.0;1738.0;140.0
2559;Lagoinha;4841.0;4841.0;5083.0;242.0
2560;Lagoinha do Piauí;2656.0;2656.0;2939.0;283.0
2561;Lagoão;6185.0;6233.0;5341.0;-844.0
2562;Laguna;51562.0;42255.0;42785.0;-8777.0
2563;Laguna Carapã;6491.0;6486.0;6799.0;308.0
2564;Laje;22201.0;21505.0;21052.0;-1149.0
2565;Laje do Muriaé;7487.0;7487.0;7336.0;-151.0
2566;Lajeado;74218.0;74989.0;97003.0;22785.0
2567;Lajeado Grande;1490.0;1490.0;1702.0;212.0
2568;Lajeado Novo;6923.0;6923.0;7057.0;134.0
2569;Lajeado do Bugre;2487.0;2487.0;2601.0;114.0
2570;Lajedinho;3936.0;3943.0;3527.0;-409.0
2571;Lajedo;36628.0;36628.0;39582.0;2954.0
2572;Lajedo do Tabocal;8305.0;8244.0;7494.0;-811.0
2573;Lajedão;3733.0;3685.0;3845.0;112.0
2574;Lajes;10381.0;10381.0;9866.0;-515.0
2575;Lajes Pintadas;4612.0;4612.0;4787.0;175.0
2576;Lajinha;19609.0;19609.0;20835.0;1226.0
2577;Lamarão;9560.0;9281.0;9015.0;-545.0
2578;Lambari;19554.0;19554.0;20414.0;860.0
2579;Lambari D'Oeste;5431.0;5441.0;4790.0;-641.0
2580;Lamim;3452.0;3452.0;3184.0;-268.0
2581;Landri Sales;5281.0;5281.0;5213.0;-68.0
2582;Lapa;44932.0;44932.0;45003.0;71.0
2583;Lapão;25646.0;26178.0;25736.0;90.0
2584;Laranja da Terra;10826.0;10826.0;11094.0;268.0
2585;Laranjal;12825.0;12825.0;11563.0;-1262.0
2586;Laranjal Paulista;25251.0;25251.0;26261.0;1010.0
2587;Laranjal do Jari;39942.0;39942.0;35114.0;-4828.0
2588;Laranjeiras;26902.0;26902.0;23975.0;-2927.0
2589;Laranjeiras do Sul;30777.0;30801.0;32227.0;1450.0
2590;Lassance;6484.0;6484.0;7124.0;640.0
2591;Lastro;2841.0;2850.0;3162.0;321.0
2592;Laurentino;6004.0;6007.0;7932.0;1928.0
2593;Lauro Müller;14367.0;14367.0;14381.0;14.0
2594;Lauro de Freitas;163449.0;163449.0;203331.0;39882.0
2595;Lavandeira;1605.0;1605.0;1626.0;21.0
2596;Lavras;92200.0;92200.0;104761.0;12561.0
2597;Lavras da Mangabeira;31090.0;31032.0;30802.0;-288.0
2598;Lavras do Sul;7679.0;7679.0;7157.0;-522.0
2599;Lavrinhas;6590.0;6590.0;7171.0;581.0
2600;Lavínia;8779.0;8779.0;9689.0;910.0
2601;Leandro Ferreira;3205.0;3205.0;3199.0;-6.0
2602;Lebon Régis;11838.0;11838.0;11472.0;-366.0
2603;Leme;91756.0;91756.0;98161.0;6405.0
2604;Leme do Prado;4804.0;4804.0;4341.0;-463.0
2605;Lençóis;10368.0;10302.0;10774.0;406.0
2606;Lençóis Paulista;61428.0;61428.0;66505.0;5077.0
2607;Leoberto Leal;3365.0;3365.0;3330.0;-35.0
2608;Leopoldina;51130.0;51130.0;51145.0;15.0
2609;Leopoldo de Bulhões;7882.0;7479.0;8745.0;863.0
2610;Leópolis;4145.0;4145.0;3752.0;-393.0
2611;Liberato Salzano;5780.0;5780.0;4781.0;-999.0
2612;Liberdade;5346.0;5346.0;4737.0;-609.0
2613;Licínio de Almeida;12311.0;12297.0;11834.0;-477.0
2614;Lidianópolis;3973.0;3973.0;3938.0;-35.0
2615;Lima Campos;11423.0;11423.0;11297.0;-126.0
2616;Lima Duarte;16149.0;16149.0;17221.0;1072.0
2617;Limeira;276022.0;276022.0;291869.0;15847.0
2618;Limeira do Oeste;6890.0;6890.0;8687.0;1797.0
2619;Limoeiro;55439.0;55439.0;56510.0;1071.0
2620;Limoeiro de Anadia;26992.0;26636.0;24740.0;-2252.0
2621;Limoeiro do Ajuru;25021.0;25021.0;29569.0;4548.0
2622;Limoeiro do Norte;56264.0;55180.0;59560.0;3296.0
2623;Lindoeste;5361.0;5335.0;5175.0;-186.0
2624;Lindolfo Collor;5227.0;5227.0;6248.0;1021.0
2625;Lindóia;6712.0;6712.0;7014.0;302.0
2626;Lindóia do Sul;4642.0;4642.0;4549.0;-93.0
2627;Linha Nova;1624.0;1624.0;1683.0;59.0
2628;Linhares;141306.0;141141.0;166786.0;25480.0
2629;Lins;71432.0;71432.0;74779.0;3347.0
2630;Livramento;7164.0;7044.0;6877.0;-287.0
2631;Livramento de Nossa Senhora;42693.0;41625.0;43903.0;1210.0
2632;Lizarda;3725.0;3725.0;2999.0;-726.0
2633;Loanda;21201.0;21201.0;23225.0;2024.0
2634;Lobato;4401.0;4401.0;4601.0;200.0
2635;Logradouro;3942.0;3942.0;4797.0;855.0
2636;Londrina;506701.0;506447.0;555965.0;49264.0
2637;Lontra;8397.0;8977.0;8790.0;393.0
2638;Lontras;10244.0;10244.0;12873.0;2629.0
2639;Lorena;82537.0;82537.0;84855.0;2318.0
2640;Loreto;11390.0;11390.0;11597.0;207.0
2641;Lourdes;2128.0;2128.0;1950.0;-178.0
2642;Louveira;37125.0;37080.0;51847.0;14722.0
2643;Lucas do Rio Verde;45556.0;45571.0;83798.0;38242.0
2644;Lucena;11730.0;11730.0;12560.0;830.0
2645;Lucianópolis;2249.0;2249.0;2372.0;123.0
2646;Luciara;2224.0;2227.0;2509.0;285.0
2647;Lucrécia;3633.0;3633.0;3490.0;-143.0
2648;Lucélia;19882.0;19882.0;20061.0;179.0
2649;Luisburgo;6234.0;6234.0;6956.0;722.0
2650;Luislândia;6400.0;6400.0;6210.0;-190.0
2651;Luiz Alves;10438.0;10405.0;11684.0;1246.0
2652;Luiziana;7315.0;7332.0;6690.0;-625.0
2653;Luiziânia;5030.0;5030.0;4701.0;-329.0
2654;Luminárias;5422.0;5422.0;5586.0;164.0
2655;Lunardelli;5160.0;5160.0;4872.0;-288.0
2656;Lupionópolis;4592.0;4592.0;4813.0;221.0
2657;Lupércio;4353.0;4353.0;3981.0;-372.0
2658;Lutécia;2714.0;2714.0;2661.0;-53.0
2659;Luz;17486.0;17486.0;17875.0;389.0
2660;Luzerna;5600.0;5600.0;5794.0;194.0
2661;Luzilândia;24721.0;24721.0;25375.0;654.0
2662;Luzinópolis;2622.0;2622.0;2717.0;95.0
2663;Luziânia;174531.0;174530.0;209129.0;34598.0
2664;Luís Antônio;11286.0;11286.0;12265.0;979.0
2665;Luís Correia;28406.0;28406.0;30641.0;2235.0
2666;Luís Domingues;6510.0;6510.0;7161.0;651.0
2667;Luís Eduardo Magalhães;60105.0;60105.0;107909.0;47804.0
2668;Luís Gomes;9610.0;9610.0;9070.0;-540.0
2669;Lábrea;37701.0;37701.0;45448.0;7747.0
2670;Macajuba;11229.0;11268.0;10454.0;-775.0
2671;Macambira;6401.0;6401.0;6838.0;437.0
2672;Macaparana;23925.0;23925.0;23879.0;-46.0
2673;Macapá;398204.0;398204.0;442933.0;44729.0
2674;Macarani;17093.0;16880.0;21599.0;4506.0
2675;Macatuba;16259.0;16259.0;16829.0;570.0
2676;Macau;28954.0;28954.0;27369.0;-1585.0
2677;Macaubal;7663.0;7663.0;7481.0;-182.0
2678;Macaé;206728.0;206753.0;246391.0;39663.0
2679;Macaíba;69467.0;69173.0;82249.0;12782.0
2680;Macaúbas;47051.0;45569.0;41859.0;-5192.0
2681;Macedônia;3664.0;3664.0;3963.0;299.0
2682;Maceió;932748.0;932642.0;957916.0;25168.0
2683;Machacalis;6976.0;6976.0;6487.0;-489.0
2684;Machadinho;5510.0;5510.0;5735.0;225.0
2685;Machadinho D'Oeste;31135.0;31135.0;30707.0;-428.0
2686;Machado;38688.0;38688.0;37684.0;-1004.0
2687;Machados;13596.0;13627.0;11333.0;-2263.0
2688;Macieira;1826.0;1826.0;1778.0;-48.0
2689;Macuco;5269.0;5269.0;5415.0;146.0
2690;Macururé;8073.0;8021.0;7256.0;-817.0
2691;Madalena;18088.0;17731.0;16896.0;-1192.0
2692;Madeiro;7816.0;7816.0;8032.0;216.0
2693;Madre de Deus;17376.0;17376.0;18504.0;1128.0
2694;Madre de Deus de Minas;4904.0;4904.0;5191.0;287.0
2695;Maetinga;7038.0;6953.0;6973.0;-65.0
2696;Mafra;52912.0;52912.0;55286.0;2374.0
2697;Magalhães Barata;8115.0;8115.0;8115.0;0.0
2698;Magalhães de Almeida;17587.0;17587.0;13807.0;-3780.0
2699;Magda;3200.0;3200.0;3165.0;-35.0
2700;Magé;227322.0;227667.0;228127.0;805.0
2701;Maiquinique;8782.0;9004.0;8731.0;-51.0
2702;Mairi;19326.0;19015.0;17674.0;-1652.0
2703;Mairinque;43223.0;43223.0;50027.0;6804.0
2704;Mairiporã;80956.0;80956.0;93853.0;12897.0
2705;Mairipotaba;2374.0;2374.0;2561.0;187.0
2706;Major Gercino;3279.0;3279.0;3214.0;-65.0
2707;Major Isidoro;18897.0;18753.0;17700.0;-1197.0
2708;Major Sales;3536.0;3536.0;3924.0;388.0
2709;Major Vieira;7479.0;7479.0;7425.0;-54.0
2710;Malacacheta;18776.0;18776.0;17516.0;-1260.0
2711;Malhada;16014.0;16361.0;15398.0;-616.0
2712;Malhada de Pedras;8468.0;8563.0;8670.0;202.0
2713;Malhada dos Bois;3456.0;3456.0;3579.0;123.0
2714;Malhador;12042.0;12042.0;11533.0;-509.0
2715;Mallet;12973.0;13156.0;13428.0;455.0
2716;Malta;5613.0;5706.0;6046.0;433.0
2717;Mamanguape;42303.0;41920.0;44599.0;2296.0
2718;Mambaí;6871.0;6867.0;8124.0;1253.0
2719;Mamborê;13961.0;13961.0;13452.0;-509.0
2720;Mamonas;6321.0;6321.0;5997.0;-324.0
2721;Mampituba;3003.0;3003.0;3131.0;128.0
2722;Manacapuru;85141.0;85141.0;101883.0;16742.0
2723;Manaquiri;22801.0;22801.0;17107.0;-5694.0
2724;Manari;18083.0;17887.0;23763.0;5680.0
2725;Manaus;1802014.0;1802014.0;2063689.0;261675.0
2726;Manaíra;10759.0;10610.0;10434.0;-325.0
2727;Mandaguari;32658.0;32658.0;36716.0;4058.0
2728;Mandaguaçu;19781.0;19781.0;31457.0;11676.0
2729;Mandirituba;22220.0;22220.0;27439.0;5219.0
2730;Manduri;8992.0;8992.0;9871.0;879.0
2731;Manfrinópolis;3127.0;3120.0;2770.0;-357.0
2732;Manga;19813.0;19813.0;18886.0;-927.0
2733;Mangaratiba;36456.0;36610.0;41220.0;4764.0
2734;Mangueirinha;17048.0;17048.0;16603.0;-445.0
2735;Manhuaçu;79574.0;79574.0;91886.0;12312.0
2736;Manhumirim;21382.0;21382.0;20613.0;-769.0
2737;Manicoré;47017.0;47017.0;53914.0;6897.0
2738;Manoel Emídio;5213.0;5213.0;5209.0;-4.0
2739;Manoel Ribas;13169.0;13169.0;14240.0;1071.0
2740;Manoel Urbano;7981.0;7981.0;11996.0;4015.0
2741;Manoel Viana;7072.0;7072.0;6801.0;-271.0
2742;Manoel Vitorino;14387.0;14445.0;13860.0;-527.0
2743;Mansidão;12592.0;12476.0;13919.0;1327.0
2744;Mantena;27111.0;27111.0;26535.0;-576.0
2745;Mantenópolis;13612.0;13612.0;12770.0;-842.0
2746;Maquiné;6905.0;6989.0;7418.0;513.0
2747;Mar Vermelho;3652.0;3623.0;3155.0;-497.0
2748;Mar de Espanha;11749.0;11749.0;12721.0;972.0
2749;Mara Rosa;10649.0;10746.0;10700.0;51.0
2750;Marabá;233669.0;233669.0;266533.0;32864.0
2751;Marabá Paulista;4812.0;4812.0;4573.0;-239.0
2752;Maracaju;37405.0;37594.0;45047.0;7642.0
2753;Maracajá;6404.0;6404.0;7815.0;1411.0
2754;Maracanaú;209057.0;209098.0;234509.0;25452.0
2755;Maracanã;28376.0;28376.0;25971.0;-2405.0
2756;Maracaçumé;19155.0;19234.0;21149.0;1994.0
2757;Maracaí;13332.0;13332.0;12673.0;-659.0
2758;Maracás;24613.0;24701.0;27620.0;3007.0
2759;Maragogi;28749.0;28749.0;32174.0;3425.0
2760;Maragogipe;42815.0;42661.0;35859.0;-6956.0
2761;Maraial;12230.0;12230.0;9359.0;-2871.0
2762;Marajá do Sena;8051.0;7794.0;7027.0;-1024.0
2763;Maranguape;113561.0;114005.0;105093.0;-8468.0
2764;Maranhãozinho;14065.0;13697.0;13761.0;-304.0
2765;Marapanim;26605.0;26605.0;26573.0;-32.0
2766;Marapoama;2633.0;2633.0;3292.0;659.0
2767;Marataízes;34140.0;34140.0;41929.0;7789.0
2768;Maratá;2527.0;2527.0;2470.0;-57.0
2769;Marau;36364.0;36364.0;45124.0;8760.0
2770;Maravilha;32385.0;32606.0;37785.0;5400.0
2771;Maravilhas;7163.0;7163.0;7333.0;170.0
2772;Maraã;17528.0;17528.0;15529.0;-1999.0
2773;Maraú;19101.0;19689.0;24527.0;5426.0
2774;Marcação;7609.0;7609.0;8999.0;1390.0
2775;Marcelino Ramos;5134.0;5134.0;4320.0;-814.0
2776;Marcelino Vieira;8265.0;8265.0;7896.0;-369.0
2777;Marcelândia;12006.0;12006.0;11396.0;-610.0
2778;Marcionílio Souza;10500.0;10451.0;9267.0;-1233.0
2779;Marco;24703.0;24698.0;25799.0;1096.0
2780;Marcolândia;7812.0;7819.0;8533.0;721.0
2781;Marcos Parente;4456.0;4456.0;4724.0;268.0
2782;Marechal Cândido Rondon;46819.0;46819.0;55836.0;9017.0
2783;Marechal Deodoro;45977.0;46018.0;60370.0;14393.0
2784;Marechal Floriano;14262.0;14262.0;17641.0;3379.0
2785;Marechal Thaumaturgo;14227.0;14227.0;17093.0;2866.0
2786;Marema;2203.0;2203.0;2184.0;-19.0
2787;Mari;21176.0;21176.0;21512.0;336.0
2788;Maria Helena;5956.0;5956.0;5865.0;-91.0
2789;Maria da Fé;14216.0;14216.0;14247.0;31.0
2790;Marialva;31959.0;31959.0;41851.0;9892.0
2791;Mariana;54219.0;54219.0;61387.0;7168.0
2792;Mariana Pimentel;3768.0;3768.0;3916.0;148.0
2793;Mariano Moro;2210.0;2210.0;1858.0;-352.0
2794;Marianópolis do Tocantins;4352.0;4352.0;4615.0;263.0
2795;Maribondo;13619.0;13648.0;13679.0;60.0
2796;Maricá;127461.0;127397.0;197277.0;69816.0
2797;Marilac;4219.0;4219.0;4224.0;5.0
2798;Marilena;6858.0;6858.0;7253.0;395.0
2799;Mariluz;10224.0;10224.0;9847.0;-377.0
2800;Marilândia;11107.0;11358.0;12387.0;1280.0
2801;Marilândia do Sul;8863.0;8863.0;8677.0;-186.0
2802;Maringá;357077.0;355432.0;409657.0;52580.0
2803;Marinópolis;2113.0;2113.0;1860.0;-253.0
2804;Maripá;5684.0;5684.0;6555.0;871.0
2805;Maripá de Minas;2788.0;2788.0;3387.0;599.0
2806;Marituba;108246.0;108246.0;111785.0;3539.0
2807;Marizópolis;6173.0;6188.0;6705.0;532.0
2808;Mariápolis;3916.0;3916.0;3513.0;-403.0
2809;Mariópolis;6268.0;6268.0;6371.0;103.0
2810;Marliéria;4012.0;4012.0;4592.0;580.0
2811;Marmeleiro;13900.0;13900.0;15901.0;2001.0
2812;Marmelópolis;2968.0;2968.0;3200.0;232.0
2813;Marques de Souza;4068.0;4068.0;3969.0;-99.0
2814;Marquinho;4981.0;4928.0;4504.0;-477.0
2815;Martinho Campos;12611.0;12611.0;14003.0;1392.0
2816;Martins;8218.0;8218.0;8179.0;-39.0
2817;Martins Soares;7173.0;7173.0;8396.0;1223.0
2818;Martinópole;10214.0;10214.0;10846.0;632.0
2819;Martinópolis;24219.0;24219.0;24881.0;662.0
2820;Maruim;16343.0;16343.0;15719.0;-624.0
2821;Marumbi;4603.0;4603.0;4699.0;96.0
2822;Marzagão;2072.0;2072.0;2758.0;686.0
2823;Marília;216745.0;216745.0;237627.0;20882.0
2824;Mascote;14640.0;14562.0;13544.0;-1096.0
2825;Massapê;35191.0;35190.0;37697.0;2506.0
2826;Massapê do Piauí;6220.0;6222.0;5218.0;-1002.0
2827;Massaranduba;27576.0;27730.0;31301.0;3725.0
2828;Mata;5111.0;5125.0;4698.0;-413.0
2829;Mata Grande;24698.0;24719.0;21844.0;-2854.0
2830;Mata Roma;15150.0;15150.0;17090.0;1940.0
2831;Mata Verde;7874.0;7874.0;9112.0;1238.0
2832;Mata de São João;40183.0;40375.0;42566.0;2383.0
2833;Mataraca;7407.0;7407.0;8244.0;837.0
2834;Mateiros;2223.0;2223.0;2748.0;525.0
2835;Matelândia;16078.0;16078.0;18450.0;2372.0
2836;Materlândia;4595.0;4595.0;3963.0;-632.0
2837;Mateus Leme;27856.0;27856.0;37841.0;9985.0
2838;Mathias Lobato;3370.0;3370.0;3038.0;-332.0
2839;Matias Barbosa;13435.0;13435.0;14121.0;686.0
2840;Matias Cardoso;9979.0;9964.0;8895.0;-1084.0
2841;Matias Olímpio;10473.0;10473.0;10641.0;168.0
2842;Matina;11145.0;11171.0;10330.0;-815.0
2843;Matinha;21885.0;21885.0;22034.0;149.0
2844;Matinhas;4321.0;4290.0;4571.0;250.0
2845;Matinhos;29428.0;29428.0;39259.0;9831.0
2846;Matipó;17639.0;17639.0;18552.0;913.0
2847;Mato Castelhano;2470.0;2470.0;2553.0;83.0
2848;Mato Grosso;2702.0;2702.0;2543.0;-159.0
2849;Mato Leitão;3865.0;3858.0;4859.0;994.0
2850;Mato Queimado;1799.0;1802.0;1795.0;-4.0
2851;Mato Rico;3818.0;3818.0;3267.0;-551.0
2852;Mato Verde;12684.0;12684.0;12038.0;-646.0
2853;Matos Costa;2839.0;2839.0;2761.0;-78.0
2854;Matozinhos;33955.0;33958.0;37618.0;3663.0
2855;Matrinchã;4414.0;4414.0;4042.0;-372.0
2856;Matriz de Camaragibe;23785.0;24137.0;23857.0;72.0
2857;Matupá;14174.0;14174.0;20091.0;5917.0
2858;Maturéia;5939.0;5939.0;6433.0;494.0
2859;Matutina;3761.0;3761.0;3814.0;53.0
2860;Matão;76786.0;76786.0;79033.0;2247.0
2861;Matões;31015.0;31638.0;32174.0;1159.0
2862;Matões do Norte;13794.0;13794.0;17432.0;3638.0
2863;Maurilândia;11521.0;11521.0;10304.0;-1217.0
2864;Maurilândia do Tocantins;3154.0;3154.0;3095.0;-59.0
2865;Mauriti;44240.0;45132.0;45561.0;1321.0
2866;Mauá;417064.0;416778.0;418261.0;1197.0
2867;Mauá da Serra;8555.0;8555.0;9383.0;828.0
2868;Maués;52236.0;52236.0;61204.0;8968.0
2869;Maxaranguape;10441.0;10441.0;10255.0;-186.0
2870;Maximiliano de Almeida;4911.0;4911.0;4191.0;-720.0
2871;Mazagão;17032.0;17032.0;21924.0;4892.0
2872;Maçambará;4738.0;4738.0;4425.0;-313.0
2873;Medeiros;3444.0;3444.0;3900.0;456.0
2874;Medeiros Neto;21560.0;21971.0;22194.0;634.0
2875;Medianeira;41817.0;41817.0;54369.0;12552.0
2876;Medicilândia;27328.0;27328.0;27094.0;-234.0
2877;Medina;21026.0;21026.0;20156.0;-870.0
2878;Meleiro;7000.0;7018.0;7006.0;6.0
2879;Melgaço;24808.0;24808.0;27881.0;3073.0
2880;Mendes;17935.0;17935.0;17502.0;-433.0
2881;Mendes Pimentel;6331.0;6331.0;5606.0;-725.0
2882;Mendonça;4640.0;4640.0;6159.0;1519.0
2883;Mercedes;5046.0;5046.0;5931.0;885.0
2884;Mercês;10368.0;10368.0;10373.0;5.0
2885;Meridiano;3855.0;3855.0;4572.0;717.0
2886;Meruoca;13693.0;13599.0;15157.0;1464.0
2887;Mesquita;174445.0;174445.0;172167.0;-2278.0
2888;Messias;15682.0;15733.0;15405.0;-277.0
2889;Messias Targino;4188.0;4188.0;4274.0;86.0
2890;Mesópolis;1886.0;1886.0;1952.0;66.0
2891;Miguel Alves;32289.0;32289.0;32150.0;-139.0
2892;Miguel Calmon;26475.0;26761.0;24661.0;-1814.0
2893;Miguel Leão;1253.0;1253.0;1318.0;65.0
2894;Miguel Pereira;24642.0;24646.0;26582.0;1940.0
2895;Miguelópolis;20451.0;20451.0;19441.0;-1010.0
2896;Milagres;38622.0;38701.0;36971.0;-1651.0
2897;Milagres do Maranhão;8118.0;8118.0;8818.0;700.0
2898;Milhã;13086.0;13015.0;14123.0;1037.0
2899;Milton Brandão;6769.0;6504.0;6542.0;-227.0
2900;Mimoso de Goiás;2685.0;2690.0;2614.0;-71.0
2901;Mimoso do Sul;25902.0;25902.0;24475.0;-1427.0
2902;Minador do Negrão;5275.0;5275.0;4845.0;-430.0
2903;Minas Novas;30794.0;30794.0;24405.0;-6389.0
2904;Minas do Leão;7631.0;7631.0;7505.0;-126.0
2905;Minaçu;31154.0;31150.0;27075.0;-4079.0
2906;Minduri;3840.0;3840.0;3741.0;-99.0
2907;Mineiros;52935.0;52935.0;70081.0;17146.0
2908;Mineiros do Tietê;12038.0;12038.0;11230.0;-808.0
2909;Ministro Andreazza;10352.0;10352.0;6466.0;-3886.0
2910;Mira Estrela;2820.0;2820.0;3126.0;306.0
2911;Mirabela;13042.0;13042.0;13651.0;609.0
2912;Miracatu;20592.0;20592.0;18553.0;-2039.0
2913;Miracema;26843.0;26843.0;26881.0;38.0
2914;Miracema do Tocantins;20684.0;20684.0;18566.0;-2118.0
2915;Mirador;22779.0;22779.0;23268.0;489.0
2916;Miradouro;10251.0;10251.0;8968.0;-1283.0
2917;Miraguaí;4855.0;4957.0;4427.0;-428.0
2918;Miranda;25595.0;25602.0;25536.0;-59.0
2919;Miranda do Norte;24427.0;24427.0;23864.0;-563.0
2920;Mirandiba;14308.0;14308.0;14166.0;-142.0
2921;Mirandópolis;27483.0;27483.0;27983.0;500.0
2922;Mirangaba;16279.0;16649.0;15734.0;-545.0
2923;Miranorte;12623.0;12623.0;12701.0;78.0
2924;Mirante;10507.0;10349.0;10187.0;-320.0
2925;Mirante da Serra;11878.0;11878.0;9235.0;-2643.0
2926;Mirante do Paranapanema;17059.0;17059.0;15917.0;-1142.0
2927;Miraselva;1862.0;1862.0;1966.0;104.0
2928;Mirassol;53792.0;53792.0;63337.0;9545.0
2929;Mirassol d'Oeste;25299.0;25352.0;26785.0;1486.0
2930;Mirassolândia;4295.0;4295.0;4669.0;374.0
2931;Miravânia;4549.0;4549.0;3985.0;-564.0
2932;Miraí;13808.0;13808.0;13633.0;-175.0
2933;Miraíma;12800.0;12866.0;14196.0;1396.0
2934;Mirim Doce;2513.0;2513.0;2511.0;-2.0
2935;Mirinzal;14218.0;14218.0;13978.0;-240.0
2936;Missal;10474.0;10474.0;11064.0;590.0
2937;Missão Velha;34274.0;33898.0;36822.0;2548.0
2938;Mocajuba;26731.0;26731.0;27198.0;467.0
2939;Mococa;66290.0;66290.0;67681.0;1391.0
2940;Modelo;4045.0;4057.0;4080.0;35.0
2941;Moeda;4689.0;4689.0;5125.0;436.0
2942;Moema;7028.0;7028.0;7548.0;520.0
2943;Mogeiro;12491.0;13219.0;13899.0;1408.0
2944;Mogi Guaçu;137245.0;137245.0;153658.0;16413.0
2945;Mogi Mirim;86505.0;86505.0;92558.0;6053.0
2946;Mogi das Cruzes;387779.0;387779.0;451505.0;63726.0
2947;Moiporá;1763.0;1760.0;1685.0;-78.0
2948;Moita Bonita;11001.0;11001.0;11050.0;49.0
2949;Moju;70018.0;70018.0;84094.0;14076.0
2950;Mojuí dos Campos;0.0;14775.0;23501.0;23501.0
2951;Mombaça;42690.0;42375.0;37735.0;-4955.0
2952;Mombuca;3266.0;3266.0;3722.0;456.0
2953;Mondaí;10231.0;10205.0;10066.0;-165.0
2954;Mongaguá;46293.0;46293.0;61951.0;15658.0
2955;Monjolos;2360.0;2360.0;2169.0;-191.0
2956;Monsenhor Gil;10333.0;10324.0;10255.0;-78.0
2957;Monsenhor Hipólito;7391.0;7391.0;7577.0;186.0
2958;Monsenhor Paulo;8161.0;8161.0;8340.0;179.0
2959;Monsenhor Tabosa;16705.0;16753.0;17149.0;444.0
2960;Montadas;4990.0;4990.0;5812.0;822.0
2961;Montalvânia;15862.0;15862.0;14060.0;-1802.0
2962;Montanha;17849.0;17849.0;18900.0;1051.0
2963;Montanhas;11413.0;11413.0;11444.0;31.0
2964;Montauri;1542.0;1542.0;1499.0;-43.0
2965;Monte Alegre;76147.0;76225.0;83043.0;6896.0
2966;Monte Alegre de Goiás;7730.0;7730.0;6692.0;-1038.0
2967;Monte Alegre de Minas;19619.0;19619.0;20170.0;551.0
2968;Monte Alegre de Sergipe;13627.0;13415.0;14336.0;709.0
2969;Monte Alegre do Piauí;10345.0;10345.0;10660.0;315.0
2970;Monte Alegre do Sul;7152.0;7152.0;8627.0;1475.0
2971;Monte Alegre dos Campos;3102.0;3102.0;3180.0;78.0
2972;Monte Alto;46642.0;46642.0;47574.0;932.0
2973;Monte Aprazível;21746.0;21746.0;22280.0;534.0
2974;Monte Azul;21994.0;21994.0;20328.0;-1666.0
2975;Monte Azul Paulista;18931.0;18931.0;18151.0;-780.0
2976;Monte Belo;13061.0;13061.0;13046.0;-15.0
2977;Monte Belo do Sul;2670.0;2668.0;2557.0;-113.0
2978;Monte Carlo;9312.0;9337.0;9117.0;-195.0
2979;Monte Carmelo;45772.0;45772.0;47692.0;1920.0
2980;Monte Castelo;12409.0;12257.0;11958.0;-451.0
2981;Monte Formoso;4656.0;4656.0;4381.0;-275.0
2982;Monte Horebe;4508.0;4508.0;4338.0;-170.0
2983;Monte Mor;48949.0;48949.0;64662.0;15713.0
2984;Monte Negro;14091.0;14091.0;11548.0;-2543.0
2985;Monte Santo;52338.0;49793.0;47780.0;-4558.0
2986;Monte Santo de Minas;21234.0;21234.0;20890.0;-344.0
2987;Monte Santo do Tocantins;2085.0;2085.0;2396.0;311.0
2988;Monte Sião;21203.0;21203.0;24089.0;2886.0
2989;Monte das Gameleiras;2261.0;2261.0;2276.0;15.0
2990;Monte do Carmo;6716.0;6716.0;5694.0;-1022.0
2991;Monteiro;30852.0;30852.0;32277.0;1425.0
2992;Monteiro Lobato;4120.0;4120.0;4138.0;18.0
2993;Monteirópolis;6935.0;6934.0;7184.0;249.0
2994;Montenegro;59415.0;59415.0;64322.0;4907.0
2995;Montes Altos;9413.0;9413.0;9106.0;-307.0
2996;Montes Claros;361915.0;362148.0;414240.0;52325.0
2997;Montes Claros de Goiás;7987.0;7985.0;8756.0;769.0
2998;Montezuma;7464.0;7464.0;6888.0;-576.0
2999;Montividiu;10572.0;10567.0;12521.0;1949.0
3000;Montividiu do Norte;4122.0;4122.0;3779.0;-343.0
3001;Monção;31738.0;30685.0;27751.0;-3987.0
3002;Monções;2132.0;2132.0;1937.0;-195.0
3003;Morada Nova;62065.0;62041.0;61443.0;-622.0
3004;Morada Nova de Minas;8255.0;8255.0;9067.0;812.0
3005;Moraújo;8070.0;8050.0;8254.0;184.0
3006;Moreilândia;11132.0;11017.0;10540.0;-592.0
3007;Moreira Sales;12606.0;12606.0;11175.0;-1431.0
3008;Moreno;56696.0;56696.0;55292.0;-1404.0
3009;Mormaço;2749.0;2749.0;2756.0;7.0
3010;Morpará;8280.0;8563.0;7996.0;-284.0
3011;Morretes;15718.0;15718.0;18309.0;2591.0
3012;Morrinhos;62160.0;62188.0;74104.0;11944.0
3013;Morrinhos do Sul;3182.0;3182.0;3071.0;-111.0
3014;Morro Agudo;29116.0;29116.0;27933.0;-1183.0
3015;Morro Agudo de Goiás;2356.0;2356.0;2456.0;100.0
3016;Morro Cabeça no Tempo;4068.0;4447.0;4377.0;309.0
3017;Morro Grande;2890.0;2890.0;3010.0;120.0
3018;Morro Redondo;6227.0;6227.0;6046.0;-181.0
3019;Morro Reuter;5676.0;5722.0;6029.0;353.0
3020;Morro da Fumaça;16126.0;16126.0;18537.0;2411.0
3021;Morro da Garça;2660.0;2660.0;2411.0;-249.0
3022;Morro do Chapéu;35164.0;34441.0;33594.0;-1570.0
3023;Morro do Chapéu do Piauí;6499.0;6499.0;6425.0;-74.0
3024;Morro do Pilar;3399.0;3399.0;3133.0;-266.0
3025;Morros;17783.0;17783.0;18554.0;771.0
3026;Mortugaba;12477.0;11696.0;11143.0;-1334.0
3027;Morungaba;11769.0;11769.0;13720.0;1951.0
3028;Mossoró;259815.0;259815.0;264577.0;4762.0
3029;Mossâmedes;5007.0;5003.0;4654.0;-353.0
3030;Mostardas;12124.0;12124.0;12090.0;-34.0
3031;Motuca;4290.0;4290.0;4034.0;-256.0
3032;Mozarlândia;13404.0;13404.0;14750.0;1346.0
3033;Muaná;34204.0;34204.0;45368.0;11164.0
3034;Mucajaí;14792.0;14792.0;18095.0;3303.0
3035;Mucambo;14102.0;14138.0;13666.0;-436.0
3036;Mucugê;10545.0;10563.0;12137.0;1592.0
3037;Mucuri;36026.0;36026.0;37977.0;1951.0
3038;Mucurici;5655.0;5655.0;5466.0;-189.0
3039;Muitos Capões;2988.0;2988.0;2879.0;-109.0
3040;Muliterno;1813.0;1813.0;1721.0;-92.0
3041;Mulungu;20954.0;18997.0;19360.0;-1594.0
3042;Mulungu do Morro;12249.0;12763.0;13152.0;903.0
3043;Mundo Novo;47876.0;47846.0;42687.0;-5189.0
3044;Munhoz;6257.0;6257.0;7451.0;1194.0
3045;Munhoz de Melo;3672.0;3672.0;3951.0;279.0
3046;Muniz Ferreira;7317.0;7065.0;7190.0;-127.0
3047;Muniz Freire;18397.0;18397.0;18153.0;-244.0
3048;Muqui;14396.0;14396.0;13745.0;-651.0
3049;Muquém do São Francisco;10272.0;10475.0;10443.0;171.0
3050;Muriaé;100765.0;100765.0;104108.0;3343.0
3051;Muribeca;7344.0;7344.0;7822.0;478.0
3052;Murici;26710.0;26627.0;25187.0;-1523.0
3053;Murici dos Portelas;8464.0;8464.0;9797.0;1333.0
3054;Muricilândia;3152.0;3152.0;3367.0;215.0
3055;Muritiba;28899.0;28705.0;28707.0;-192.0
3056;Murutinga do Sul;4186.0;4186.0;3737.0;-449.0
3057;Mutum;26661.0;26661.0;27635.0;974.0
3058;Mutunópolis;3849.0;3849.0;3564.0;-285.0
3059;Mutuípe;21449.0;21184.0;20037.0;-1412.0
3060;Muzambinho;20430.0;20430.0;21891.0;1461.0
3061;Muçum;4791.0;4791.0;4601.0;-190.0
3062;Mário Campos;13192.0;13192.0;15900.0;2708.0
3063;Mâncio Lima;15206.0;15206.0;19294.0;4088.0
3064;Mãe d'Água;4019.0;4019.0;3583.0;-436.0
3065;Mãe do Rio;27904.0;27904.0;34353.0;6449.0
3066;Nacip Raydan;3154.0;3154.0;2459.0;-695.0
3067;Nantes;2707.0;2707.0;2660.0;-47.0
3068;Nanuque;40834.0;40834.0;35038.0;-5796.0
3069;Naque;6341.0;6341.0;6303.0;-38.0
3070;Narandiba;4288.0;4288.0;5713.0;1425.0
3071;Natal;803739.0;803739.0;751300.0;-52439.0
3072;Natalândia;3280.0;3280.0;3520.0;240.0
3073;Natividade;24082.0;24082.0;23828.0;-254.0
3074;Natividade da Serra;6678.0;6678.0;6999.0;321.0
3075;Natuba;10566.0;10277.0;8945.0;-1621.0
3076;Natércia;4658.0;4658.0;4691.0;33.0
3077;Navegantes;60556.0;60556.0;86401.0;25845.0
3078;Naviraí;46424.0;46424.0;50457.0;4033.0
3079;Nazareno;7954.0;7954.0;8179.0;225.0
3080;Nazarezinho;7280.0;7284.0;7203.0;-77.0
3081;Nazaré;31660.0;31663.0;31581.0;-79.0
3082;Nazaré Paulista;16414.0;16414.0;18217.0;1803.0
3083;Nazaré da Mata;30796.0;30796.0;30648.0;-148.0
3084;Nazaré do Piauí;7321.0;7321.0;6665.0;-656.0
3085;Nazária;8068.0;8068.0;10262.0;2194.0
3086;Nazário;7874.0;7874.0;8189.0;315.0
3087;Nepomuceno;25733.0;25733.0;25018.0;-715.0
3088;Nerópolis;24210.0;24213.0;31932.0;7722.0
3089;Neves Paulista;8772.0;8772.0;9699.0;927.0
3090;Neópolis;18506.0;18506.0;16426.0;-2080.0
3091;Nhamundá;18278.0;18278.0;20136.0;1858.0
3092;Nhandeara;10725.0;10725.0;9852.0;-873.0
3093;Nicolau Vergueiro;1721.0;1721.0;1932.0;211.0
3094;Nilo Peçanha;12530.0;12935.0;12063.0;-467.0
3095;Nilópolis;157425.0;157425.0;146774.0;-10651.0
3096;Nina Rodrigues;12464.0;12464.0;14176.0;1712.0
3097;Ninheira;9815.0;9815.0;10588.0;773.0
3098;Nioaque;14391.0;14304.0;13220.0;-1171.0
3099;Nipoã;4274.0;4274.0;4750.0;476.0
3100;Niquelândia;42361.0;42361.0;34964.0;-7397.0
3101;Niterói;487562.0;487562.0;481749.0;-5813.0
3102;Nobres;15002.0;15002.0;15492.0;490.0
3103;Nonoai;12074.0;12074.0;13719.0;1645.0
3104;Nordestina;12371.0;12541.0;18523.0;6152.0
3105;Normandia;8940.0;8940.0;13986.0;5046.0
3106;Nortelândia;6436.0;6436.0;5956.0;-480.0
3107;Nossa Senhora Aparecida;8508.0;8508.0;9232.0;724.0
3108;Nossa Senhora da Glória;32497.0;32497.0;41212.0;8715.0
3109;Nossa Senhora das Dores;24580.0;24580.0;24996.0;416.0
3110;Nossa Senhora das Graças;3836.0;3928.0;3669.0;-167.0
3111;Nossa Senhora de Lourdes;6238.0;6238.0;6268.0;30.0
3112;Nossa Senhora de Nazaré;4556.0;4556.0;5228.0;672.0
3113;Nossa Senhora do Livramento;11609.0;12897.0;12940.0;1331.0
3114;Nossa Senhora do Socorro;160827.0;160827.0;192330.0;31503.0
3115;Nossa Senhora dos Remédios;8206.0;8206.0;8525.0;319.0
3116;Nova Aliança;5891.0;5891.0;6693.0;802.0
3117;Nova Aliança do Ivaí;1431.0;1431.0;1323.0;-108.0
3118;Nova Alvorada;3182.0;3182.0;3163.0;-19.0
3119;Nova Alvorada do Sul;16432.0;16450.0;21822.0;5390.0
3120;Nova América;2259.0;2259.0;2337.0;78.0
3121;Nova América da Colina;3478.0;3478.0;3280.0;-198.0
3122;Nova Andradina;45585.0;45578.0;48563.0;2978.0
3123;Nova Araçá;4001.0;4001.0;4954.0;953.0
3124;Nova Aurora;13928.0;13930.0;15866.0;1938.0
3125;Nova Bandeirantes;11643.0;11662.0;13635.0;1992.0
3126;Nova Bassano;8840.0;8840.0;9649.0;809.0
3127;Nova Belém;3732.0;3732.0;3151.0;-581.0
3128;Nova Boa Vista;1960.0;1960.0;2042.0;82.0
3129;Nova Brasilândia;4587.0;4597.0;3932.0;-655.0
3130;Nova Brasilândia D'Oeste;19874.0;19874.0;15679.0;-4195.0
3131;Nova Bréscia;3184.0;3184.0;3044.0;-140.0
3132;Nova Campina;8515.0;8515.0;8497.0;-18.0
3133;Nova Canaã;16713.0;16036.0;13715.0;-2998.0
3134;Nova Canaã Paulista;2114.0;2114.0;2032.0;-82.0
3135;Nova Canaã do Norte;12127.0;12084.0;11707.0;-420.0
3136;Nova Candelária;2751.0;2751.0;3061.0;310.0
3137;Nova Cantu;7425.0;7425.0;6790.0;-635.0
3138;Nova Castilho;1125.0;1125.0;1062.0;-63.0
3139;Nova Colinas;4885.0;4885.0;5021.0;136.0
3140;Nova Crixás;11927.0;11927.0;12815.0;888.0
3141;Nova Cruz;35490.0;35490.0;34269.0;-1221.0
3142;Nova Era;17528.0;17528.0;17438.0;-90.0
3143;Nova Erechim;4275.0;4275.0;5155.0;880.0
3144;Nova Esperança;26615.0;26615.0;26585.0;-30.0
3145;Nova Esperança do Piriá;20158.0;20158.0;20478.0;320.0
3146;Nova Esperança do Sudoeste;5098.0;5098.0;5597.0;499.0
3147;Nova Esperança do Sul;4671.0;4671.0;4865.0;194.0
3148;Nova Europa;9300.0;9300.0;9311.0;11.0
3149;Nova Floresta;10533.0;10533.0;9724.0;-809.0
3150;Nova Friburgo;182082.0;182057.0;189939.0;7857.0
3151;Nova Fátima;15749.0;15710.0;15192.0;-557.0
3152;Nova Glória;8508.0;8509.0;8310.0;-198.0
3153;Nova Granada;19180.0;19180.0;19419.0;239.0
3154;Nova Guarita;4932.0;4937.0;4590.0;-342.0
3155;Nova Guataporanga;2177.0;2177.0;2156.0;-21.0
3156;Nova Hartz;18346.0;18324.0;20088.0;1742.0
3157;Nova Ibiá;6648.0;6827.0;6501.0;-147.0
3158;Nova Iguaçu;796257.0;785102.0;785867.0;-10390.0
3159;Nova Iguaçu de Goiás;2826.0;2826.0;3010.0;184.0
3160;Nova Independência;3068.0;3068.0;4609.0;1541.0
3161;Nova Iorque;4590.0;4590.0;4320.0;-270.0
3162;Nova Ipixuna;14645.0;14645.0;13955.0;-690.0
3163;Nova Itaberaba;4267.0;4278.0;4536.0;269.0
3164;Nova Itarana;7435.0;7554.0;7780.0;345.0
3165;Nova Lacerda;5436.0;5500.0;6670.0;1234.0
3166;Nova Laranjeiras;11241.0;11759.0;12074.0;833.0
3167;Nova Lima;80998.0;80998.0;111697.0;30699.0
3168;Nova Londrina;13067.0;13067.0;12923.0;-144.0
3169;Nova Luzitânia;3441.0;3441.0;2837.0;-604.0
3170;Nova Mamoré;22546.0;22546.0;25444.0;2898.0
3171;Nova Marilândia;2951.0;2949.0;3529.0;578.0
3172;Nova Maringá;6590.0;6590.0;5846.0;-744.0
3173;Nova Monte Verde;8093.0;8089.0;8313.0;220.0
3174;Nova Mutum;31649.0;31649.0;55839.0;24190.0
3175;Nova Módica;3790.0;3790.0;3663.0;-127.0
3176;Nova Nazaré;3029.0;3029.0;4200.0;1171.0
3177;Nova Odessa;51242.0;51242.0;62019.0;10777.0
3178;Nova Olinda;31012.0;30942.0;31553.0;541.0
3179;Nova Olinda do Maranhão;19134.0;19134.0;14314.0;-4820.0
3180;Nova Olinda do Norte;30696.0;30696.0;27062.0;-3634.0
3181;Nova Olímpia;23018.0;23018.0;22185.0;-833.0
3182;Nova Palma;6342.0;6342.0;5586.0;-756.0
3183;Nova Palmeira;4361.0;4373.0;4259.0;-102.0
3184;Nova Petrópolis;19045.0;19040.0;23300.0;4255.0
3185;Nova Ponte;12812.0;12812.0;14598.0;1786.0
3186;Nova Porteirinha;7398.0;7398.0;6706.0;-692.0
3187;Nova Prata;22830.0;22830.0;25692.0;2862.0
3188;Nova Prata do Iguaçu;10377.0;10377.0;12699.0;2322.0
3189;Nova Pádua;2450.0;2450.0;2343.0;-107.0
3190;Nova Ramada;2437.0;2437.0;2163.0;-274.0
3191;Nova Redenção;8034.0;8898.0;7538.0;-496.0
3192;Nova Resende;15374.0;15374.0;16387.0;1013.0
3193;Nova Roma;3471.0;3471.0;3076.0;-395.0
3194;Nova Roma do Sul;3343.0;3343.0;3466.0;123.0
3195;Nova Rosalândia;3770.0;3770.0;3362.0;-408.0
3196;Nova Russas;30965.0;30947.0;30699.0;-266.0
3197;Nova Santa Bárbara;3908.0;3912.0;4184.0;276.0
3198;Nova Santa Helena;3468.0;3468.0;4239.0;771.0
3199;Nova Santa Rita;26903.0;26903.0;33100.0;6197.0
3200;Nova Santa Rosa;7626.0;7626.0;8322.0;696.0
3201;Nova Serrana;73699.0;73699.0;105552.0;31853.0
3202;Nova Soure;24136.0;25911.0;24236.0;100.0
3203;Nova Tebas;7398.0;7398.0;6848.0;-550.0
3204;Nova Timboteua;13670.0;13670.0;12806.0;-864.0
3205;Nova Trento;12190.0;12190.0;13727.0;1537.0
3206;Nova Ubiratã;9218.0;9175.0;11530.0;2312.0
3207;Nova União;13048.0;13048.0;12109.0;-939.0
3208;Nova Veneza;21438.0;21457.0;23145.0;1707.0
3209;Nova Venécia;46031.0;46031.0;49065.0;3034.0
3210;Nova Viçosa;38556.0;38556.0;39509.0;953.0
3211;Nova Xavantina;19643.0;19657.0;24345.0;4702.0
3212;Novais;4592.0;4592.0;4412.0;-180.0
3213;Novo Acordo;3762.0;3762.0;3969.0;207.0
3214;Novo Airão;14723.0;14723.0;15761.0;1038.0
3215;Novo Alegre;2286.0;2286.0;1846.0;-440.0
3216;Novo Aripuanã;21451.0;21451.0;23818.0;2367.0
3217;Novo Barreiro;3978.0;3978.0;4272.0;294.0
3218;Novo Brasil;3519.0;3519.0;3527.0;8.0
3219;Novo Cabrais;3855.0;3855.0;3568.0;-287.0
3220;Novo Cruzeiro;30725.0;30725.0;26975.0;-3750.0
3221;Novo Gama;95018.0;94996.0;103804.0;8786.0
3222;Novo Hamburgo;238940.0;238940.0;227646.0;-11294.0
3223;Novo Horizonte;50016.0;50144.0;52129.0;2113.0
3224;Novo Horizonte do Norte;3749.0;3780.0;3349.0;-400.0
3225;Novo Horizonte do Oeste;10240.0;10240.0;7667.0;-2573.0
3226;Novo Horizonte do Sul;4940.0;4940.0;4721.0;-219.0
3227;Novo Itacolomi;2827.0;2827.0;3125.0;298.0
3228;Novo Jardim;2457.0;2457.0;2230.0;-227.0
3229;Novo Lino;12060.0;11673.0;10020.0;-2040.0
3230;Novo Machado;3925.0;3925.0;3198.0;-727.0
3231;Novo Mundo;7332.0;7332.0;6520.0;-812.0
3232;Novo Oriente;27453.0;27435.0;27545.0;92.0
3233;Novo Oriente de Minas;10339.0;10339.0;10275.0;-64.0
3234;Novo Oriente do Piauí;6498.0;6498.0;6097.0;-401.0
3235;Novo Planalto;3956.0;3956.0;3716.0;-240.0
3236;Novo Progresso;25124.0;25124.0;33638.0;8514.0
3237;Novo Repartimento;62050.0;62050.0;60732.0;-1318.0
3238;Novo Santo Antônio;5265.0;4814.0;4842.0;-423.0
3239;Novo São Joaquim;6042.0;6054.0;6919.0;877.0
3240;Novo Tiradentes;2277.0;2277.0;2146.0;-131.0
3241;Novo Triunfo;15051.0;15105.0;10660.0;-4391.0
3242;Novo Xingu;1757.0;1757.0;1646.0;-111.0
3243;Novorizonte;4963.0;4963.0;4571.0;-392.0
3244;Nuporanga;6817.0;6817.0;7391.0;574.0
3245;Não-Me-Toque;15936.0;15936.0;17898.0;1962.0
3246;Nísia Floresta;23784.0;23784.0;31942.0;8158.0
3247;Ocara;24007.0;24020.0;24493.0;486.0
3248;Ocauçu;4163.0;4163.0;4331.0;168.0
3249;Oeiras;35640.0;35640.0;38161.0;2521.0
3250;Oeiras do Pará;28595.0;28595.0;33844.0;5249.0
3251;Oiapoque;20509.0;20509.0;27482.0;6973.0
3252;Olaria;1976.0;1976.0;1945.0;-31.0
3253;Olho D'Água do Piauí;2626.0;2314.0;2637.0;11.0
3254;Olho d'Água;6931.0;6931.0;6060.0;-871.0
3255;Olho d'Água Grande;4957.0;4950.0;4330.0;-627.0
3256;Olho d'Água das Cunhãs;18601.0;18601.0;17919.0;-682.0
3257;Olho d'Água das Flores;20364.0;20617.0;20695.0;331.0
3258;Olho d'Água do Borges;4295.0;4295.0;3905.0;-390.0
3259;Olho d'Água do Casado;8491.0;8491.0;8349.0;-142.0
3260;Olhos-d'Água;5267.0;5267.0;5385.0;118.0
3261;Olinda;377779.0;377779.0;349976.0;-27803.0
3262;Olinda Nova do Maranhão;13181.0;13181.0;13577.0;396.0
3263;Olindina;24943.0;26942.0;22633.0;-2310.0
3264;Olivedos;3627.0;3618.0;3580.0;-47.0
3265;Oliveira;39466.0;39466.0;39262.0;-204.0
3266;Oliveira Fortes;2123.0;2123.0;2027.0;-96.0
3267;Oliveira de Fátima;1037.0;1037.0;1164.0;127.0
3268;Oliveira dos Brejinhos;21831.0;21524.0;20715.0;-1116.0
3269;Olivença;11047.0;11029.0;10812.0;-235.0
3270;Olímpia;50024.0;50024.0;55074.0;5050.0
3271;Olímpio Noronha;2533.0;2533.0;2555.0;22.0
3272;Onda Verde;3884.0;3884.0;4771.0;887.0
3273;Onça de Pitangui;3055.0;3055.0;2969.0;-86.0
3274;Oratórios;4493.0;4493.0;4917.0;424.0
3275;Oriente;6097.0;6097.0;6085.0;-12.0
3276;Orindiúva;5675.0;5675.0;6024.0;349.0
3277;Oriximiná;62794.0;62794.0;68294.0;5500.0
3278;Orizona;14300.0;14300.0;16399.0;2099.0
3279;Orizânia;7284.0;7284.0;8437.0;1153.0
3280;Orleans;21393.0;21393.0;23661.0;2268.0
3281;Orlândia;39781.0;39781.0;38319.0;-1462.0
3282;Orobó;22878.0;22878.0;21808.0;-1070.0
3283;Orocó;13180.0;13180.0;13613.0;433.0
3284;Ortigueira;23380.0;23380.0;24192.0;812.0
3285;Orós;21389.0;21389.0;19675.0;-1714.0
3286;Osasco;666740.0;666740.0;728615.0;61875.0
3287;Oscar Bressane;2537.0;2537.0;2470.0;-67.0
3288;Osvaldo Cruz;30917.0;30917.0;31272.0;355.0
3289;Osório;40906.0;40907.0;47396.0;6490.0
3290;Otacílio Costa;16337.0;16337.0;17312.0;975.0
3291;Ouricuri;64358.0;63228.0;65245.0;887.0
3292;Ourilândia do Norte;27359.0;27359.0;32467.0;5108.0
3293;Ourinhos;103035.0;103035.0;103970.0;935.0
3294;Ourizona;3380.0;3380.0;3187.0;-193.0
3295;Ouriçangas;8298.0;8340.0;7716.0;-582.0
3296;Ouro;7372.0;7376.0;7032.0;-340.0
3297;Ouro Branco;50879.0;50815.0;55083.0;4204.0
3298;Ouro Fino;31568.0;31568.0;32094.0;526.0
3299;Ouro Preto;70281.0;70281.0;74821.0;4540.0
3300;Ouro Preto do Oeste;37928.0;37928.0;35044.0;-2884.0
3301;Ouro Velho;2928.0;2928.0;2918.0;-10.0
3302;Ouro Verde;10071.0;10071.0;9960.0;-111.0
3303;Ouro Verde de Goiás;4034.0;4025.0;4057.0;23.0
3304;Ouro Verde de Minas;6016.0;6016.0;5757.0;-259.0
3305;Ouro Verde do Oeste;5692.0;5692.0;6785.0;1093.0
3306;Ouroeste;8405.0;8405.0;10294.0;1889.0
3307;Ourolândia;16425.0;16522.0;19243.0;2818.0
3308;Ourém;16311.0;16311.0;17855.0;1544.0
3309;Ouvidor;5467.0;5467.0;7200.0;1733.0
3310;Pacaembu;13226.0;13226.0;14877.0;1651.0
3311;Pacajus;61838.0;61838.0;70983.0;9145.0
3312;Pacajá;39979.0;39979.0;41097.0;1118.0
3313;Pacaraima;10433.0;10433.0;19305.0;8872.0
3314;Pacatuba;85436.0;84686.0;94026.0;8590.0
3315;Pacoti;11607.0;11780.0;11186.0;-421.0
3316;Pacujá;5986.0;6253.0;6175.0;189.0
3317;Padre Bernardo;27671.0;27661.0;34967.0;7296.0
3318;Padre Carvalho;5834.0;5834.0;5058.0;-776.0
3319;Padre Marcos;6657.0;6657.0;6382.0;-275.0
3320;Padre Paraíso;18849.0;18849.0;17334.0;-1515.0
3321;Paes Landim;4059.0;4059.0;4088.0;29.0
3322;Pai Pedro;5934.0;5934.0;5551.0;-383.0
3323;Paial;1763.0;1763.0;1927.0;164.0
3324;Paim Filho;4243.0;4243.0;3629.0;-614.0
3325;Paineiras;4631.0;4631.0;4224.0;-407.0
3326;Painel;2353.0;2353.0;2215.0;-138.0
3327;Pains;8014.0;8014.0;8142.0;128.0
3328;Paiva;1558.0;1558.0;1474.0;-84.0
3329;Paiçandu;35936.0;35936.0;45962.0;10026.0
3330;Pajeú do Piauí;3363.0;3183.0;3000.0;-363.0
3331;Palestina;16163.0;15697.0;15801.0;-362.0
3332;Palestina de Goiás;3371.0;3371.0;3132.0;-239.0
3333;Palestina do Pará;7475.0;7475.0;6885.0;-590.0
3334;Palhano;8866.0;8866.0;9346.0;480.0
3335;Palhoça;137334.0;137334.0;222598.0;85264.0
3336;Palma;6545.0;6545.0;5707.0;-838.0
3337;Palma Sola;7765.0;7765.0;7605.0;-160.0
3338;Palmares;59526.0;59526.0;54584.0;-4942.0
3339;Palmares Paulista;10934.0;10934.0;9650.0;-1284.0
3340;Palmares do Sul;10969.0;10969.0;12844.0;1875.0
3341;Palmas;271220.0;271220.0;350939.0;79719.0
3342;Palmas de Monte Alto;20775.0;20872.0;20078.0;-697.0
3343;Palmeira;34496.0;34506.0;36416.0;1920.0
3344;Palmeira d'Oeste;9584.0;9584.0;8903.0;-681.0
3345;Palmeira das Missões;34328.0;34328.0;33216.0;-1112.0
3346;Palmeira do Piauí;4993.0;4993.0;4952.0;-41.0
3347;Palmeira dos Índios;70368.0;70341.0;71574.0;1206.0
3348;Palmeirais;13745.0;13745.0;13264.0;-481.0
3349;Palmeirante;4954.0;4954.0;4798.0;-156.0
3350;Palmeiras;8410.0;8316.0;10339.0;1929.0
3351;Palmeiras de Goiás;23338.0;23339.0;31858.0;8520.0
3352;Palmeiras do Tocantins;5740.0;5740.0;4872.0;-868.0
3353;Palmeirina;8189.0;8373.0;7031.0;-1158.0
3354;Palmeirândia;18764.0;18780.0;21059.0;2295.0
3355;Palmeirópolis;7339.0;7339.0;6975.0;-364.0
3356;Palmelo;2335.0;2335.0;2259.0;-76.0
3357;Palminópolis;3557.0;3556.0;3851.0;294.0
3358;Palmital;36051.0;36051.0;32627.0;-3424.0
3359;Palmitinho;6920.0;6920.0;7839.0;919.0
3360;Palmitos;16020.0;16020.0;15626.0;-394.0
3361;Palmácia;12005.0;11994.0;10242.0;-1763.0
3362;Palmópolis;6931.0;6931.0;6301.0;-630.0
3363;Palotina;28683.0;28683.0;35011.0;6328.0
3364;Panambi;38058.0;38044.0;43515.0;5457.0
3365;Panamá;2682.0;2681.0;2455.0;-227.0
3366;Pancas;21548.0;21548.0;18893.0;-2655.0
3367;Panelas;25645.0;26037.0;22991.0;-2654.0
3368;Panorama;14583.0;14583.0;14964.0;381.0
3369;Pantano Grande;9895.0;9895.0;10212.0;317.0
3370;Papagaios;14175.0;14175.0;13920.0;-255.0
3371;Papanduva;17928.0;18080.0;19150.0;1222.0
3372;Paquetá;4147.0;3925.0;3813.0;-334.0
3373;Paracambi;47124.0;47281.0;41375.0;-5749.0
3374;Paracatu;84718.0;84718.0;94023.0;9305.0
3375;Paracuru;31636.0;32310.0;38980.0;7344.0
3376;Paragominas;97819.0;97819.0;105550.0;7731.0
3377;Paraguaçu;20245.0;20245.0;21723.0;1478.0
3378;Paraguaçu Paulista;42278.0;42278.0;41120.0;-1158.0
3379;Paraibano;20103.0;20103.0;18274.0;-1829.0
3380;Paraibuna;17388.0;17388.0;17667.0;279.0
3381;Paraipaba;30041.0;29849.0;32216.0;2175.0
3382;Paraisópolis;19379.0;19379.0;20445.0;1066.0
3383;Parambu;31309.0;31491.0;31445.0;136.0
3384;Paramirim;21001.0;20337.0;20351.0;-650.0
3385;Paramoti;11308.0;11763.0;10384.0;-924.0
3386;Paranacity;10250.0;10250.0;9557.0;-693.0
3387;Paranaguá;140469.0;140469.0;145829.0;5360.0
3388;Paranaiguara;9100.0;9100.0;7607.0;-1493.0
3389;Paranapanema;17808.0;17808.0;19395.0;1587.0
3390;Paranapoema;2791.0;2791.0;2398.0;-393.0
3391;Paranapuã;3815.0;3815.0;4031.0;216.0
3392;Paranatama;11001.0;10866.0;12199.0;1198.0
3393;Paranatinga;19290.0;19339.0;26423.0;7133.0
3394;Paranavaí;81590.0;81590.0;92001.0;10411.0
3395;Paranaíba;40192.0;40197.0;40957.0;765.0
3396;Paranaíta;10684.0;10686.0;11671.0;987.0
3397;Paranhos;12350.0;12350.0;12921.0;571.0
3398;Paraná;3952.0;3952.0;3934.0;-18.0
3399;Paranã;10338.0;10338.0;10542.0;204.0
3400;Paraopeba;22563.0;22563.0;24107.0;1544.0
3401;Parapuã;10844.0;10844.0;10580.0;-264.0
3402;Parari;1256.0;1842.0;1720.0;464.0
3403;Paratinga;29504.0;29998.0;29252.0;-252.0
3404;Paraty;37533.0;37533.0;45243.0;7710.0
3405;Parauapebas;153908.0;153908.0;267836.0;113928.0
3406;Parazinho;4845.0;4782.0;4801.0;-44.0
3407;Paraí;6812.0;6812.0;7194.0;382.0
3408;Paraíba do Sul;41084.0;41269.0;42063.0;979.0
3409;Paraíso;9978.0;9978.0;10366.0;388.0
3410;Paraíso das Águas;0.0;4548.0;5510.0;5510.0
3411;Paraíso do Norte;11772.0;11772.0;13245.0;1473.0
3412;Paraíso do Sul;7336.0;7336.0;6519.0;-817.0
3413;Paraíso do Tocantins;44417.0;44417.0;52360.0;7943.0
3414;Paraú;3859.0;3859.0;3579.0;-280.0
3415;Paraúna;10863.0;10876.0;10659.0;-204.0
3416;Pardinho;5582.0;5582.0;7153.0;1571.0
3417;Pareci Novo;3511.0;3530.0;4319.0;808.0
3418;Parecis;4810.0;4810.0;4125.0;-685.0
3419;Parelhas;20354.0;20354.0;21499.0;1145.0
3420;Pariconha;10264.0;10227.0;10573.0;309.0
3421;Parintins;102033.0;102033.0;96372.0;-5661.0
3422;Paripiranga;27778.0;27740.0;26604.0;-1174.0
3423;Paripueira;11347.0;11347.0;13835.0;2488.0
3424;Pariquera-Açu;18446.0;18446.0;19233.0;787.0
3425;Parisi;2032.0;2032.0;2892.0;860.0
3426;Parnaguá;10276.0;10276.0;10103.0;-173.0
3427;Parnamirim;222680.0;223102.0;271328.0;48648.0
3428;Parnarama;34586.0;33281.0;31250.0;-3336.0
3429;Parnaíba;145705.0;145705.0;162159.0;16454.0
3430;Parobé;51502.0;51275.0;52058.0;556.0
3431;Pará de Minas;84215.0;84215.0;97139.0;12924.0
3432;Passa Quatro;15582.0;15582.0;15515.0;-67.0
3433;Passa Sete;5154.0;5143.0;3983.0;-1171.0
3434;Passa Tempo;8197.0;8197.0;8473.0;276.0
3435;Passa Vinte;2079.0;2079.0;2233.0;154.0
3436;Passa e Fica;11100.0;11100.0;10896.0;-204.0
3437;Passabém;1766.0;1766.0;1600.0;-166.0
3438;Passagem;5128.0;5128.0;5578.0;450.0
3439;Passagem Franca;17562.0;17562.0;17220.0;-342.0
3440;Passagem Franca do Piauí;4546.0;4123.0;4135.0;-411.0
3441;Passira;28628.0;28628.0;28340.0;-288.0
3442;Passo Fundo;184826.0;184826.0;206215.0;21389.0
3443;Passo de Camaragibe;14763.0;14763.0;13804.0;-959.0
3444;Passo de Torres;6627.0;6627.0;12897.0;6270.0
3445;Passo do Sobrado;6011.0;6011.0;6025.0;14.0
3446;Passos;106290.0;106290.0;111939.0;5649.0
3447;Passos Maia;4425.0;4425.0;4034.0;-391.0
3448;Pastos Bons;18067.0;18067.0;18802.0;735.0
3449;Patis;5579.0;5579.0;4837.0;-742.0
3450;Pato Bragado;4822.0;4822.0;5733.0;911.0
3451;Pato Branco;72370.0;72370.0;91836.0;19466.0
3452;Patos;100674.0;100693.0;103165.0;2491.0
3453;Patos de Minas;138710.0;139206.0;159235.0;20525.0
3454;Patos do Piauí;6105.0;6110.0;5425.0;-680.0
3455;Patrocínio;82471.0;82471.0;89826.0;7355.0
3456;Patrocínio Paulista;13000.0;13000.0;14512.0;1512.0
3457;Patrocínio do Muriaé;5287.0;5287.0;5576.0;289.0
3458;Patu;11964.0;11964.0;11007.0;-957.0
3459;Paty do Alferes;26359.0;26416.0;29619.0;3260.0
3460;Pau Brasil;10852.0;11028.0;9370.0;-1482.0
3461;Pau D'Arco;10621.0;10621.0;10974.0;353.0
3462;Pau D'Arco do Piauí;3757.0;3757.0;3880.0;123.0
3463;Pau dos Ferros;27745.0;27745.0;30479.0;2734.0
3464;Paudalho;51357.0;51361.0;56665.0;5308.0
3465;Pauini;18166.0;18166.0;19373.0;1207.0
3466;Paula Cândido;9271.0;9271.0;8659.0;-612.0
3467;Paula Freitas;5434.0;5434.0;5666.0;232.0
3468;Paulicéia;6339.0;6339.0;7955.0;1616.0
3469;Paulino Neves;14519.0;14519.0;17056.0;2537.0
3470;Paulista;312254.0;312306.0;354001.0;41747.0
3471;Paulistana;19785.0;19753.0;21055.0;1270.0
3472;Paulistas;4918.0;4918.0;4389.0;-529.0
3473;Paulistânia;1779.0;1779.0;2090.0;311.0
3474;Paulo Afonso;108396.0;108308.0;112870.0;4474.0
3475;Paulo Bento;2196.0;2191.0;2144.0;-52.0
3476;Paulo Frontin;6913.0;6808.0;6343.0;-570.0
3477;Paulo Jacinto;7426.0;7426.0;6576.0;-850.0
3478;Paulo Lopes;6692.0;6692.0;9063.0;2371.0
3479;Paulo Ramos;20079.0;20383.0;20341.0;262.0
3480;Paulo de Faria;8589.0;8589.0;7400.0;-1189.0
3481;Paulínia;82146.0;82146.0;110537.0;28391.0
3482;Paverama;8044.0;8044.0;7978.0;-66.0
3483;Pavussu;3663.0;3663.0;3628.0;-35.0
3484;Pavão;8589.0;8589.0;8047.0;-542.0
3485;Paço do Lumiar;105121.0;105695.0;145643.0;40522.0
3486;Peabiru;13624.0;13624.0;13346.0;-278.0
3487;Pederneiras;41497.0;41497.0;44827.0;3330.0
3488;Pedra;20944.0;21644.0;22795.0;1851.0
3489;Pedra Azul;23839.0;23839.0;24410.0;571.0
3490;Pedra Bela;5780.0;5780.0;6557.0;777.0
3491;Pedra Bonita;6673.0;6673.0;7320.0;647.0
3492;Pedra Branca;45611.0;45654.0;43926.0;-1685.0
3493;Pedra Branca do Amapari;10772.0;10772.0;12847.0;2075.0
3494;Pedra Dourada;2191.0;2191.0;2757.0;566.0
3495;Pedra Grande;3521.0;3521.0;3618.0;97.0
3496;Pedra Lavrada;7475.0;7236.0;6859.0;-616.0
3497;Pedra Mole;2974.0;2974.0;2778.0;-196.0
3498;Pedra Preta;18345.0;18200.0;20507.0;2162.0
3499;Pedra do Anta;3365.0;3446.0;3311.0;-54.0
3500;Pedra do Indaiá;3875.0;3875.0;4112.0;237.0
3501;Pedralva;11467.0;11467.0;10760.0;-707.0
3502;Pedranópolis;2558.0;2558.0;2787.0;229.0
3503;Pedras Altas;2212.0;2212.0;2061.0;-151.0
3504;Pedras Grandes;4107.0;4120.0;4245.0;138.0
3505;Pedras de Fogo;27032.0;27289.0;29662.0;2630.0
3506;Pedras de Maria da Cruz;10315.0;10876.0;10433.0;118.0
3507;Pedregulho;15700.0;15700.0;15525.0;-175.0
3508;Pedreira;41558.0;41558.0;43112.0;1554.0
3509;Pedreiras;39448.0;38777.0;37050.0;-2398.0
3510;Pedrinhas;8833.0;8833.0;7396.0;-1437.0
3511;Pedrinhas Paulista;2940.0;2940.0;2804.0;-136.0
3512;Pedrinópolis;3490.0;3490.0;3344.0;-146.0
3513;Pedro Afonso;11539.0;11539.0;14055.0;2516.0
3514;Pedro Alexandre;16995.0;16186.0;13954.0;-3041.0
3515;Pedro Avelino;7171.0;7171.0;6242.0;-929.0
3516;Pedro Canário;23794.0;23794.0;21522.0;-2272.0
3517;Pedro Gomes;7967.0;8026.0;6941.0;-1026.0
3518;Pedro II;37496.0;37502.0;37894.0;398.0
3519;Pedro Laurentino;2407.0;2407.0;2458.0;51.0
3520;Pedro Leopoldo;58740.0;58740.0;62580.0;3840.0
3521;Pedro Osório;7811.0;7811.0;7484.0;-327.0
3522;Pedro Régis;5765.0;5765.0;5766.0;1.0
3523;Pedro Teixeira;1785.0;1785.0;1810.0;25.0
3524;Pedro Velho;14114.0;14114.0;13824.0;-290.0
3525;Pedro de Toledo;10204.0;10204.0;11281.0;1077.0
3526;Pedro do Rosário;22732.0;22732.0;24320.0;1588.0
3527;Pedrão;6876.0;6749.0;6235.0;-641.0
3528;Peixe;10384.0;10384.0;9317.0;-1067.0
3529;Peixe-Boi;7854.0;7854.0;8285.0;431.0
3530;Peixoto de Azevedo;30812.0;30963.0;32714.0;1902.0
3531;Pejuçara;3973.0;3973.0;3745.0;-228.0
3532;Pelotas;328275.0;328275.0;325685.0;-2590.0
3533;Penaforte;8226.0;8299.0;8972.0;746.0
3534;Penalva;34267.0;35320.0;32511.0;-1756.0
3535;Pendências;13432.0;13432.0;12278.0;-1154.0
3536;Penedo;60378.0;60596.0;58650.0;-1728.0
3537;Penha;25141.0;25141.0;33663.0;8522.0
3538;Pentecoste;35400.0;35651.0;37813.0;2413.0
3539;Penápolis;58510.0;58510.0;61679.0;3169.0
3540;Pequeri;3165.0;3165.0;3351.0;186.0
3541;Pequi;4076.0;4076.0;4155.0;79.0
3542;Pequizeiro;5054.0;5054.0;4921.0;-133.0
3543;Perdigão;8912.0;8912.0;12268.0;3356.0
3544;Perdizes;14404.0;14404.0;17151.0;2747.0
3545;Perdões;20087.0;20087.0;21384.0;1297.0
3546;Pereira Barreto;24962.0;24962.0;24095.0;-867.0
3547;Pereiras;7454.0;7454.0;8737.0;1283.0
3548;Pereiro;15757.0;15757.0;15274.0;-483.0
3549;Peri Mirim;13803.0;13787.0;11108.0;-2695.0
3550;Periquito;7036.0;7036.0;6553.0;-483.0
3551;Peritiba;2988.0;2988.0;2992.0;4.0
3552;Peritoró;21201.0;21201.0;20479.0;-722.0
3553;Perobal;5653.0;5691.0;7189.0;1536.0
3554;Perolândia;2950.0;2950.0;2964.0;14.0
3555;Peruíbe;59773.0;59773.0;68352.0;8579.0
3556;Pescador;4128.0;4128.0;3570.0;-558.0
3557;Pescaria Brava;0.0;9307.0;10190.0;10190.0
3558;Pesqueira;62931.0;62737.0;62722.0;-209.0
3559;Petrolina;293962.0;293962.0;386791.0;92829.0
3560;Petrolina de Goiás;10283.0;10281.0;9573.0;-710.0
3561;Petrolândia;38623.0;38628.0;40877.0;2254.0
3562;Petrópolis;295917.0;295774.0;278881.0;-17036.0
3563;Peçanha;17260.0;17260.0;17446.0;186.0
3564;Piacatu;5287.0;5287.0;5519.0;232.0
3565;Piancó;15465.0;15465.0;16441.0;976.0
3566;Piatã;17982.0;18133.0;20086.0;2104.0
3567;Piau;2841.0;2841.0;2796.0;-45.0
3568;Piaçabuçu;17203.0;17203.0;15908.0;-1295.0
3569;Picada Café;5182.0;5138.0;5351.0;169.0
3570;Picos;73414.0;74435.0;83090.0;9676.0
3571;Picuí;18222.0;18202.0;18333.0;111.0
3572;Piedade;52143.0;52143.0;52970.0;827.0
3573;Piedade de Caratinga;7110.0;7110.0;8529.0;1419.0
3574;Piedade de Ponte Nova;4062.0;4062.0;3976.0;-86.0
3575;Piedade do Rio Grande;4709.0;4709.0;4604.0;-105.0
3576;Piedade dos Gerais;4640.0;4640.0;5019.0;379.0
3577;Pilar;44496.0;44496.0;47681.0;3185.0
3578;Pilar de Goiás;2773.0;2773.0;2328.0;-445.0
3579;Pilar do Sul;26406.0;26406.0;27619.0;1213.0
3580;Pilão Arcado;32860.0;33118.0;35357.0;2497.0
3581;Pilões;10431.0;10448.0;9780.0;-651.0
3582;Pilõezinhos;5155.0;5046.0;5329.0;174.0
3583;Pimenta;8236.0;8236.0;8563.0;327.0
3584;Pimenta Bueno;33822.0;33822.0;35079.0;1257.0
3585;Pimenteiras;11733.0;11733.0;11341.0;-392.0
3586;Pimenteiras do Oeste;2315.0;2315.0;2156.0;-159.0
3587;Pindamonhangaba;146995.0;146995.0;165428.0;18433.0
3588;Pindaré-Mirim;31152.0;31152.0;31429.0;277.0
3589;Pindaí;15628.0;15700.0;14731.0;-897.0
3590;Pindoba;2866.0;2866.0;2731.0;-135.0
3591;Pindobaçu;20121.0;20257.0;19083.0;-1038.0
3592;Pindorama;15039.0;15039.0;14542.0;-497.0
3593;Pindorama do Tocantins;4506.0;4506.0;4478.0;-28.0
3594;Pindoretama;18683.0;18334.0;23391.0;4708.0
3595;Pingo-d'Água;4420.0;4420.0;4706.0;286.0
3596;Pinhais;117008.0;117253.0;127019.0;10011.0
3597;Pinhal;2513.0;2513.0;2959.0;446.0
3598;Pinhal Grande;4471.0;4471.0;3805.0;-666.0
3599;Pinhal da Serra;2130.0;2130.0;2248.0;118.0
3600;Pinhal de São Bento;2625.0;2625.0;2761.0;136.0
3601;Pinhalzinho;29437.0;29451.0;37196.0;7759.0
3602;Pinhalão;6215.0;6215.0;6566.0;351.0
3603;Pinheiral;22719.0;22740.0;24298.0;1579.0
3604;Pinheirinho do Vale;4497.0;4497.0;4540.0;43.0
3605;Pinheiro;78162.0;78162.0;84621.0;6459.0
3606;Pinheiro Machado;12780.0;12780.0;11214.0;-1566.0
3607;Pinheiro Preto;3147.0;3127.0;3473.0;326.0
3608;Pinheiros;23895.0;23895.0;23915.0;20.0
3609;Pinhão;36181.0;36181.0;35563.0;-618.0
3610;Pintadas;10342.0;10649.0;10325.0;-17.0
3611;Pinto Bandeira;0.0;2609.0;2723.0;2723.0
3612;Pintópolis;7211.0;7211.0;7084.0;-127.0
3613;Pio IX;17671.0;17671.0;17613.0;-58.0
3614;Pio XII;22016.0;22016.0;21886.0;-130.0
3615;Piquerobi;3537.0;3537.0;3264.0;-273.0
3616;Piquet Carneiro;15467.0;15469.0;16616.0;1149.0
3617;Piquete;14107.0;14107.0;12490.0;-1617.0
3618;Piracaia;25116.0;25116.0;26029.0;913.0
3619;Piracanjuba;24026.0;23834.0;24883.0;857.0
3620;Piracema;6406.0;6406.0;6700.0;294.0
3621;Piracicaba;364571.0;364571.0;423323.0;58752.0
3622;Piracuruca;27553.0;27339.0;28846.0;1293.0
3623;Piraju;28475.0;28475.0;29436.0;961.0
3624;Pirajuba;4656.0;4656.0;5537.0;881.0
3625;Pirajuí;22704.0;22704.0;22431.0;-273.0
3626;Pirambu;8369.0;8369.0;7913.0;-456.0
3627;Piranga;17232.0;17232.0;17018.0;-214.0
3628;Pirangi;10623.0;10623.0;10885.0;262.0
3629;Piranguinho;8016.0;8016.0;9120.0;1104.0
3630;Piranguçu;5217.0;5217.0;6041.0;824.0
3631;Piranhas;34311.0;34311.0;34321.0;10.0
3632;Pirapemas;17381.0;17381.0;17714.0;333.0
3633;Pirapetinga;10364.0;10364.0;11077.0;713.0
3634;Pirapora;53368.0;53368.0;55606.0;2238.0
3635;Pirapora do Bom Jesus;15733.0;15733.0;18370.0;2637.0
3636;Pirapozinho;24694.0;24694.0;25348.0;654.0
3637;Pirapó;2757.0;2757.0;2260.0;-497.0
3638;Piraquara;93207.0;92962.0;118730.0;25523.0
3639;Piraquê;2920.0;2920.0;2282.0;-638.0
3640;Pirassununga;70081.0;70081.0;73545.0;3464.0
3641;Piratini;19841.0;19841.0;17504.0;-2337.0
3642;Piratininga;12072.0;12072.0;15108.0;3036.0
3643;Piratuba;4786.0;4786.0;5769.0;983.0
3644;Piraí;26314.0;26214.0;27474.0;1160.0
3645;Piraí do Norte;9799.0;9685.0;10974.0;1175.0
3646;Piraí do Sul;23424.0;23413.0;23651.0;227.0
3647;Piraúba;10862.0;10862.0;11610.0;748.0
3648;Pirenópolis;23006.0;23008.0;26690.0;3684.0
3649;Pires Ferreira;10216.0;10263.0;10606.0;390.0
3650;Pires do Rio;28762.0;28761.0;32373.0;3611.0
3651;Piripiri;61834.0;61834.0;65538.0;3704.0
3652;Piripá;12783.0;12757.0;9152.0;-3631.0
3653;Piritiba;22399.0;22237.0;17566.0;-4833.0
3654;Pirpirituba;10326.0;10327.0;9340.0;-986.0
3655;Pitanga;32638.0;32638.0;33567.0;929.0
3656;Pitangueiras;38121.0;38121.0;36720.0;-1401.0
3657;Pitangui;25311.0;25311.0;26685.0;1374.0
3658;Pitimbu;17024.0;16976.0;16751.0;-273.0
3659;Pium;6694.0;6694.0;7128.0;434.0
3660;Piumhi;31883.0;31883.0;36062.0;4179.0
3661;Piçarra;12697.0;12697.0;12832.0;135.0
3662;Piên;11236.0;11236.0;13655.0;2419.0
3663;Piúma;18123.0;18110.0;22300.0;4177.0
3664;Placas;23934.0;23934.0;18668.0;-5266.0
3665;Planaltina;81649.0;81559.0;105031.0;23382.0
3666;Planaltina do Paraná;4095.0;4095.0;4070.0;-25.0
3667;Planaltino;8822.0;8670.0;8022.0;-800.0
3668;Planalto;53122.0;52797.0;52503.0;-619.0
3669;Planalto Alegre;2654.0;2650.0;2946.0;292.0
3670;Planalto da Serra;2726.0;2716.0;3166.0;440.0
3671;Planura;10384.0;10384.0;11145.0;761.0
3672;Platina;3192.0;3192.0;3025.0;-167.0
3673;Plácido de Castro;17209.0;17209.0;16560.0;-649.0
3674;Pocinhos;17032.0;17022.0;17469.0;437.0
3675;Poconé;31779.0;31848.0;31217.0;-562.0
3676;Pocrane;8986.0;8986.0;8350.0;-636.0
3677;Pojuca;33066.0;34335.0;32136.0;-930.0
3678;Poloni;5395.0;5395.0;5592.0;197.0
3679;Pombal;32110.0;32157.0;32473.0;363.0
3680;Pombos;24046.0;25953.0;27552.0;3506.0
3681;Pomerode;27759.0;27778.0;34289.0;6530.0
3682;Pompéia;19964.0;19964.0;20196.0;232.0
3683;Pompéu;29105.0;29105.0;31047.0;1942.0
3684;Pongaí;3481.0;3481.0;3395.0;-86.0
3685;Ponta Grossa;311611.0;311601.0;358371.0;46760.0
3686;Ponta Porã;77872.0;77877.0;92017.0;14145.0
3687;Ponta de Pedras;25999.0;25999.0;24984.0;-1015.0
3688;Pontal;40244.0;40244.0;37607.0;-2637.0
3689;Pontal do Araguaia;5395.0;5395.0;6932.0;1537.0
3690;Pontal do Paraná;20920.0;20920.0;30425.0;9505.0
3691;Pontalina;17121.0;17121.0;18309.0;1188.0
3692;Pontalinda;4074.0;4074.0;4127.0;53.0
3693;Ponte Alta;4894.0;4894.0;4437.0;-457.0
3694;Ponte Alta do Bom Jesus;4544.0;4544.0;4220.0;-324.0
3695;Ponte Alta do Norte;3303.0;3303.0;3210.0;-93.0
3696;Ponte Alta do Tocantins;7180.0;7180.0;7586.0;406.0
3697;Ponte Branca;1768.0;1768.0;2008.0;240.0
3698;Ponte Nova;57390.0;57390.0;57776.0;386.0
3699;Ponte Preta;1750.0;1750.0;1575.0;-175.0
3700;Ponte Serrada;11031.0;11031.0;10649.0;-382.0
3701;Pontes Gestal;2518.0;2518.0;2387.0;-131.0
3702;Pontes e Lacerda;41408.0;41408.0;52018.0;10610.0
3703;Ponto Belo;6979.0;6979.0;6497.0;-482.0
3704;Ponto Chique;3966.0;3966.0;3747.0;-219.0
3705;Ponto Novo;15742.0;15529.0;17938.0;2196.0
3706;Ponto dos Volantes;11345.0;11345.0;10883.0;-462.0
3707;Pontão;3857.0;3857.0;3296.0;-561.0
3708;Populina;4223.0;4223.0;4127.0;-96.0
3709;Poranga;12001.0;11992.0;12065.0;64.0
3710;Porangaba;8326.0;8326.0;10451.0;2125.0
3711;Porangatu;42355.0;42355.0;44317.0;1962.0
3712;Porciúncula;17760.0;17437.0;17288.0;-472.0
3713;Porecatu;14189.0;14189.0;11624.0;-2565.0
3714;Portalegre;7320.0;7320.0;7601.0;281.0
3715;Porteiras;15061.0;15048.0;17050.0;1989.0
3716;Porteirinha;37627.0;37627.0;37438.0;-189.0
3717;Porteirão;3347.0;3347.0;4070.0;723.0
3718;Portel;52172.0;52172.0;62503.0;10331.0
3719;Portelândia;3839.0;3839.0;3280.0;-559.0
3720;Porto;11897.0;11897.0;12052.0;155.0
3721;Porto Acre;14880.0;14880.0;16693.0;1813.0
3722;Porto Alegre;1409351.0;1409351.0;1332845.0;-76506.0
3723;Porto Alegre do Norte;10748.0;10748.0;12127.0;1379.0
3724;Porto Alegre do Piauí;2559.0;2559.0;2364.0;-195.0
3725;Porto Alegre do Tocantins;2796.0;2796.0;2866.0;70.0
3726;Porto Amazonas;4514.0;4514.0;4098.0;-416.0
3727;Porto Barreiro;3663.0;3663.0;3110.0;-553.0
3728;Porto Belo;16083.0;16083.0;27688.0;11605.0
3729;Porto Calvo;25708.0;25708.0;24071.0;-1637.0
3730;Porto Esperidião;11031.0;11031.0;10204.0;-827.0
3731;Porto Estrela;3649.0;3649.0;3224.0;-425.0
3732;Porto Feliz;48893.0;48893.0;56497.0;7604.0
3733;Porto Ferreira;51400.0;51400.0;52649.0;1249.0
3734;Porto Firme;10417.0;10417.0;10569.0;152.0
3735;Porto Franco;21530.0;21530.0;23903.0;2373.0
3736;Porto Grande;16809.0;16809.0;17848.0;1039.0
3737;Porto Lucena;5413.0;5413.0;4360.0;-1053.0
3738;Porto Mauá;2542.0;2542.0;2142.0;-400.0
3739;Porto Murtinho;15372.0;15290.0;12859.0;-2513.0
3740;Porto Nacional;49146.0;49146.0;64418.0;15272.0
3741;Porto Real;16592.0;16592.0;20373.0;3781.0
3742;Porto Real do Colégio;19334.0;19141.0;20082.0;748.0
3743;Porto Rico;2530.0;2530.0;3182.0;652.0
3744;Porto Rico do Maranhão;6030.0;6030.0;5954.0;-76.0
3745;Porto Seguro;126929.0;126581.0;168326.0;41397.0
3746;Porto União;33493.0;33493.0;32970.0;-523.0
3747;Porto Velho;428527.0;428527.0;460434.0;31907.0
3748;Porto Vera Cruz;1852.0;1852.0;1560.0;-292.0
3749;Porto Vitória;4020.0;4020.0;3562.0;-458.0
3750;Porto Walter;9176.0;9176.0;10735.0;1559.0
3751;Porto Xavier;10558.0;10558.0;9938.0;-620.0
3752;Porto da Folha;27146.0;27146.0;26576.0;-570.0
3753;Porto de Moz;33956.0;33956.0;40597.0;6641.0
3754;Porto de Pedras;8429.0;8429.0;9295.0;866.0
3755;Porto do Mangue;5217.0;5484.0;5228.0;11.0
3756;Porto dos Gaúchos;5449.0;5420.0;5593.0;144.0
3757;Portão;30920.0;30868.0;34071.0;3151.0
3758;Posse;31419.0;31432.0;34914.0;3495.0
3759;Potengi;10276.0;10273.0;8833.0;-1443.0
3760;Potim;19397.0;19397.0;20392.0;995.0
3761;Potiraguá;9810.0;10077.0;10274.0;464.0
3762;Potirendaba;15449.0;15449.0;18496.0;3047.0
3763;Potiretama;6126.0;6126.0;5974.0;-152.0
3764;Poté;15667.0;15667.0;13666.0;-2001.0
3765;Pouso Alegre;130615.0;130615.0;152217.0;21602.0
3766;Pouso Alto;6213.0;6213.0;6566.0;353.0
3767;Pouso Novo;1875.0;1875.0;1739.0;-136.0
3768;Pouso Redondo;14810.0;14810.0;17123.0;2313.0
3769;Poxoréu;17599.0;17659.0;23283.0;5684.0
3770;Poá;106013.0;106013.0;103765.0;-2248.0
3771;Poço Branco;13949.0;13949.0;12390.0;-1559.0
3772;Poço Dantas;3751.0;3863.0;3830.0;79.0
3773;Poço Fundo;15959.0;15959.0;16390.0;431.0
3774;Poço Redondo;30880.0;30888.0;33439.0;2559.0
3775;Poço Verde;21983.0;21983.0;21794.0;-189.0
3776;Poço das Antas;2017.0;2017.0;2171.0;154.0
3777;Poço das Trincheiras;13872.0;13748.0;12518.0;-1354.0
3778;Poço de José de Moura;3978.0;3978.0;4006.0;28.0
3779;Poços de Caldas;152435.0;152435.0;163742.0;11307.0
3780;Poção;11242.0;11019.0;10500.0;-742.0
3781;Poção de Pedras;19708.0;20034.0;17161.0;-2547.0
3782;Poções;44701.0;45855.0;48293.0;3592.0
3783;Pracinha;2858.0;2858.0;2578.0;-280.0
3784;Pracuúba;3793.0;3793.0;3803.0;10.0
3785;Prado;27627.0;27413.0;35003.0;7376.0
3786;Prado Ferreira;3434.0;3434.0;3709.0;275.0
3787;Prados;8391.0;8391.0;9048.0;657.0
3788;Pradópolis;17377.0;17377.0;17078.0;-299.0
3789;Praia Grande;269318.0;269313.0;358205.0;88887.0
3790;Praia Norte;7659.0;7659.0;9044.0;1385.0
3791;Prainha;29349.0;29349.0;35577.0;6228.0
3792;Pranchita;5628.0;5628.0;5737.0;109.0
3793;Prata;29656.0;29693.0;32257.0;2601.0
3794;Prata do Piauí;3085.0;3092.0;3042.0;-43.0
3795;Pratinha;3265.0;3265.0;3559.0;294.0
3796;Pratápolis;8807.0;8807.0;8406.0;-401.0
3797;Pratânia;4599.0;4599.0;5126.0;527.0
3798;Presidente Alves;4123.0;4123.0;3804.0;-319.0
3799;Presidente Bernardes;19107.0;19107.0;19340.0;233.0
3800;Presidente Castello Branco;1725.0;1734.0;1689.0;-36.0
3801;Presidente Castelo Branco;4784.0;4784.0;4336.0;-448.0
3802;Presidente Dutra;58481.0;59374.0;60285.0;1804.0
3803;Presidente Epitácio;41318.0;41318.0;39505.0;-1813.0
3804;Presidente Figueiredo;27175.0;27175.0;30668.0;3493.0
3805;Presidente Getúlio;14887.0;14883.0;20010.0;5123.0
3806;Presidente Juscelino;15449.0;15449.0;14821.0;-628.0
3807;Presidente Jânio Quadros;13652.0;13635.0;12621.0;-1031.0
3808;Presidente Kennedy;13995.0;14228.0;16743.0;2748.0
3809;Presidente Kubitschek;2959.0;2959.0;3071.0;112.0
3810;Presidente Lucena;2484.0;2484.0;3077.0;593.0
3811;Presidente Médici;28693.0;28693.0;24023.0;-4670.0
3812;Presidente Nereu;2284.0;2284.0;2301.0;17.0
3813;Presidente Olegário;18577.0;18697.0;18765.0;188.0
3814;Presidente Prudente;207610.0;207610.0;225668.0;18058.0
3815;Presidente Sarney;17165.0;17165.0;17511.0;346.0
3816;Presidente Tancredo Neves;23846.0;24409.0;27734.0;3888.0
3817;Presidente Vargas;10717.0;10717.0;10549.0;-168.0
3818;Presidente Venceslau;37910.0;37910.0;35201.0;-2709.0
3819;Primavera;23707.0;23677.0;24689.0;982.0
3820;Primavera de Rondônia;3524.0;3524.0;3076.0;-448.0
3821;Primavera do Leste;52066.0;52051.0;85146.0;33080.0
3822;Primeira Cruz;13954.0;13954.0;13614.0;-340.0
3823;Primeiro de Maio;10832.0;10832.0;10082.0;-750.0
3824;Princesa;2758.0;2758.0;2964.0;206.0
3825;Princesa Isabel;21283.0;21210.0;21114.0;-169.0
3826;Professor Jamil;3239.0;3375.0;3649.0;410.0
3827;Progresso;6163.0;6163.0;5340.0;-823.0
3828;Promissão;35674.0;35674.0;35131.0;-543.0
3829;Propriá;28451.0;28451.0;26618.0;-1833.0
3830;Protásio Alves;2000.0;2000.0;2025.0;25.0
3831;Prudente de Morais;9573.0;9573.0;11466.0;1893.0
3832;Prudentópolis;48792.0;48709.0;49393.0;601.0
3833;Pugmil;2369.0;2369.0;2193.0;-176.0
3834;Pureza;8424.0;8424.0;9362.0;938.0
3835;Putinga;4141.0;4229.0;3747.0;-394.0
3836;Puxinanã;12923.0;12911.0;14277.0;1354.0
3837;Pão de Açúcar;23811.0;24277.0;23823.0;12.0
3838;Pé de Serra;13752.0;13523.0;13243.0;-509.0
3839;Pérola;10208.0;10208.0;11878.0;1670.0
3840;Pérola d'Oeste;6761.0;6761.0;6221.0;-540.0
3841;Quadra;3236.0;3236.0;3405.0;169.0
3842;Quaraí;23021.0;23021.0;23500.0;479.0
3843;Quartel Geral;3303.0;3303.0;3179.0;-124.0
3844;Quarto Centenário;4856.0;4856.0;4201.0;-655.0
3845;Quatiguá;7045.0;7045.0;8099.0;1054.0
3846;Quatipuru;12411.0;12411.0;11524.0;-887.0
3847;Quatis;12793.0;12793.0;13682.0;889.0
3848;Quatro Barras;19851.0;19851.0;24191.0;4340.0
3849;Quatro Irmãos;1775.0;1790.0;1552.0;-223.0
3850;Quatro Pontes;3803.0;3803.0;4480.0;677.0
3851;Quatá;12799.0;12799.0;13163.0;364.0
3852;Quebrangulo;11480.0;11480.0;11080.0;-400.0
3853;Quedas do Iguaçu;30605.0;30605.0;30738.0;133.0
3854;Queimada Nova;8553.0;8546.0;8738.0;185.0
3855;Queimadas;65651.0;66347.0;73646.0;7995.0
3856;Queimados;137962.0;137962.0;140523.0;2561.0
3857;Queiroz;2808.0;2808.0;3265.0;457.0
3858;Queluz;11309.0;11309.0;9159.0;-2150.0
3859;Queluzito;1861.0;1861.0;1770.0;-91.0
3860;Querência;13033.0;13033.0;26769.0;13736.0
3861;Querência do Norte;11729.0;11729.0;10685.0;-1044.0
3862;Quevedos;2710.0;2710.0;2507.0;-203.0
3863;Quijingue;27228.0;26575.0;25272.0;-1956.0
3864;Quilombo;10248.0;10248.0;11022.0;774.0
3865;Quinta do Sol;5088.0;5088.0;5001.0;-87.0
3866;Quintana;6004.0;6004.0;7038.0;1034.0
3867;Quinze de Novembro;3653.0;3653.0;3910.0;257.0
3868;Quipapá;24186.0;24186.0;17928.0;-6258.0
3869;Quirinópolis;43220.0;43221.0;48447.0;5227.0
3870;Quissamã;20242.0;20253.0;22393.0;2151.0
3871;Quitandinha;17089.0;17089.0;18398.0;1309.0
3872;Quiterianópolis;19921.0;19921.0;20213.0;292.0
3873;Quixaba;8438.0;8438.0;8297.0;-141.0
3874;Quixabeira;9554.0;8962.0;9461.0;-93.0
3875;Quixadá;80604.0;80608.0;84168.0;3564.0
3876;Quixelô;15000.0;16139.0;15910.0;910.0
3877;Quixeramobim;71887.0;73160.0;82177.0;10290.0
3878;Quixeré;19412.0;20401.0;20874.0;1462.0
3879;Rafael Fernandes;4692.0;4692.0;5432.0;740.0
3880;Rafael Godeiro;3063.0;3063.0;2934.0;-129.0
3881;Rafael Jambeiro;22874.0;22062.0;19662.0;-3212.0
3882;Rafard;8612.0;8612.0;8965.0;353.0
3883;Ramilândia;4134.0;4134.0;4221.0;87.0
3884;Rancharia;28804.0;28804.0;28588.0;-216.0
3885;Rancho Alegre;3955.0;3955.0;3512.0;-443.0
3886;Rancho Alegre D'Oeste;2847.0;2847.0;2618.0;-229.0
3887;Rancho Queimado;2748.0;2744.0;3279.0;531.0
3888;Raposa;26327.0;26369.0;30839.0;4512.0
3889;Raposos;15342.0;15342.0;16279.0;937.0
3890;Raul Soares;23818.0;23818.0;23423.0;-395.0
3891;Realeza;16338.0;16338.0;19247.0;2909.0
3892;Rebouças;14176.0;14176.0;14514.0;338.0
3893;Recife;1537704.0;1537704.0;1488920.0;-48784.0
3894;Recreio;10299.0;10299.0;11007.0;708.0
3895;Recursolândia;3768.0;3768.0;3421.0;-347.0
3896;Redentora;10222.0;10135.0;9738.0;-484.0
3897;Redenção;101971.0;103178.0;112811.0;10840.0
3898;Redenção da Serra;3873.0;3873.0;4494.0;621.0
3899;Redenção do Gurguéia;8400.0;8400.0;8394.0;-6.0
3900;Reduto;6569.0;6569.0;7848.0;1279.0
3901;Regeneração;17556.0;17556.0;17133.0;-423.0
3902;Regente Feijó;18494.0;18494.0;20145.0;1651.0
3903;Reginópolis;7323.0;7323.0;7662.0;339.0
3904;Registro;54261.0;54261.0;59947.0;5686.0
3905;Relvado;2155.0;2037.0;1796.0;-359.0
3906;Remanso;38957.0;38615.0;40586.0;1629.0
3907;Remígio;17581.0;17766.0;17885.0;304.0
3908;Renascença;6812.0;6812.0;6845.0;33.0
3909;Reriutaba;19455.0;19103.0;18606.0;-849.0
3910;Resende;119769.0;119769.0;129612.0;9843.0
3911;Resende Costa;10913.0;10913.0;11230.0;317.0
3912;Reserva;25172.0;24943.0;24573.0;-599.0
3913;Reserva do Cabaçal;2572.0;2572.0;2122.0;-450.0
3914;Reserva do Iguaçu;7307.0;7307.0;6553.0;-754.0
3915;Resplendor;17089.0;17089.0;17226.0;137.0
3916;Ressaquinha;4711.0;4630.0;4548.0;-163.0
3917;Restinga;6587.0;6587.0;6404.0;-183.0
3918;Restinga Sêca;15849.0;15911.0;14939.0;-910.0
3919;Retirolândia;12055.0;13159.0;13651.0;1596.0
3920;Riachinho;12198.0;12198.0;10823.0;-1375.0
3921;Riacho Frio;4241.0;4241.0;4165.0;-76.0
3922;Riacho da Cruz;3165.0;3165.0;2701.0;-464.0
3923;Riacho das Almas;19162.0;19162.0;20639.0;1477.0
3924;Riacho de Santana;34802.0;37189.0;34838.0;36.0
3925;Riacho de Santo Antônio;1722.0;1696.0;1955.0;233.0
3926;Riacho dos Cavalos;8314.0;8239.0;8493.0;179.0
3927;Riacho dos Machados;9360.0;9360.0;8756.0;-604.0
3928;Riachuelo;16422.0;16422.0;16137.0;-285.0
3929;Riachão;23475.0;23645.0;25072.0;1597.0
3930;Riachão das Neves;21937.0;21937.0;21642.0;-295.0
3931;Riachão do Bacamarte;4264.0;4264.0;4690.0;426.0
3932;Riachão do Dantas;19386.0;19386.0;18313.0;-1073.0
3933;Riachão do Jacuípe;33172.0;32463.0;33386.0;214.0
3934;Riachão do Poço;4164.0;4164.0;4738.0;574.0
3935;Rialma;10523.0;10523.0;12165.0;1642.0
3936;Rianápolis;4566.0;4566.0;3980.0;-586.0
3937;Ribamar Fiquene;7318.0;7318.0;7420.0;102.0
3938;Ribas do Rio Pardo;20946.0;20946.0;23150.0;2204.0
3939;Ribeira;3358.0;3358.0;3132.0;-226.0
3940;Ribeira do Amparo;14276.0;14098.0;13841.0;-435.0
3941;Ribeira do Piauí;4263.0;4263.0;4055.0;-208.0
3942;Ribeira do Pombal;47518.0;51293.0;54010.0;6492.0
3943;Ribeiro Gonçalves;6845.0;6845.0;6164.0;-681.0
3944;Ribeirão;44439.0;44497.0;33507.0;-10932.0
3945;Ribeirão Bonito;12135.0;12135.0;10989.0;-1146.0
3946;Ribeirão Branco;18269.0;18269.0;18627.0;358.0
3947;Ribeirão Cascalheira;8881.0;8881.0;10089.0;1208.0
3948;Ribeirão Claro;10678.0;10678.0;12364.0;1686.0
3949;Ribeirão Corrente;4273.0;4273.0;4608.0;335.0
3950;Ribeirão Grande;7422.0;7422.0;7450.0;28.0
3951;Ribeirão Pires;113068.0;113354.0;115559.0;2491.0
3952;Ribeirão Preto;604682.0;604682.0;698642.0;93960.0
3953;Ribeirão Vermelho;3826.0;3826.0;4080.0;254.0
3954;Ribeirão das Neves;296317.0;296736.0;329794.0;33477.0
3955;Ribeirão do Largo;8602.0;10260.0;9740.0;1138.0
3956;Ribeirão do Pinhal;13524.0;13524.0;13060.0;-464.0
3957;Ribeirão do Sul;4446.0;4446.0;4677.0;231.0
3958;Ribeirão dos Índios;2187.0;2187.0;2025.0;-162.0
3959;Ribeirãozinho;2199.0;2199.0;2593.0;394.0
3960;Ribeirópolis;17173.0;17173.0;17033.0;-140.0
3961;Rifaina;3436.0;3436.0;4049.0;613.0
3962;Rincão;10414.0;10414.0;9098.0;-1316.0
3963;Rinópolis;9935.0;9935.0;9259.0;-676.0
3964;Rio Acima;9090.0;9087.0;10261.0;1171.0
3965;Rio Azul;14093.0;14015.0;14025.0;-68.0
3966;Rio Bananal;17530.0;17530.0;19274.0;1744.0
3967;Rio Bom;3334.0;3334.0;3197.0;-137.0
3968;Rio Bonito;55551.0;55576.0;56276.0;725.0
3969;Rio Bonito do Iguaçu;13661.0;13143.0;13929.0;268.0
3970;Rio Branco;341108.0;341098.0;369291.0;28183.0
3971;Rio Branco do Ivaí;3898.0;3898.0;3808.0;-90.0
3972;Rio Branco do Sul;30650.0;30617.0;37558.0;6908.0
3973;Rio Brilhante;30663.0;30663.0;37601.0;6938.0
3974;Rio Casca;14201.0;14201.0;12789.0;-1412.0
3975;Rio Claro;203678.0;203726.0;218819.0;15141.0
3976;Rio Crespo;3316.0;3316.0;3471.0;155.0
3977;Rio Doce;2465.0;2465.0;2484.0;19.0
3978;Rio Espera;6070.0;6070.0;5429.0;-641.0
3979;Rio Formoso;22151.0;22151.0;20009.0;-2142.0
3980;Rio Fortuna;4446.0;4446.0;4847.0;401.0
3981;Rio Grande;197228.0;197228.0;191900.0;-5328.0
3982;Rio Grande da Serra;43974.0;43974.0;44170.0;196.0
3983;Rio Grande do Piauí;6273.0;6273.0;5801.0;-472.0
3984;Rio Largo;68481.0;70685.0;93927.0;25446.0
3985;Rio Manso;5276.0;5276.0;5568.0;292.0
3986;Rio Maria;17697.0;17697.0;18384.0;687.0
3987;Rio Negrinho;39846.0;39851.0;39261.0;-585.0
3988;Rio Negro;36310.0;36351.0;36165.0;-145.0
3989;Rio Novo;8712.0;8712.0;8518.0;-194.0
3990;Rio Novo do Sul;11325.0;11325.0;11069.0;-256.0
3991;Rio Paranaíba;11885.0;11885.0;14532.0;2647.0
3992;Rio Pardo;37591.0;37591.0;34654.0;-2937.0
3993;Rio Pardo de Minas;29099.0;29099.0;28271.0;-828.0
3994;Rio Piracicaba;14149.0;14149.0;14631.0;482.0
3995;Rio Pomba;17110.0;17110.0;17443.0;333.0
3996;Rio Preto;5292.0;5292.0;5141.0;-151.0
3997;Rio Preto da Eva;25719.0;25719.0;24936.0;-783.0
3998;Rio Quente;3312.0;3298.0;3864.0;552.0
3999;Rio Real;37164.0;37539.0;35362.0;-1802.0
4000;Rio Rufino;2436.0;2436.0;2397.0;-39.0
4001;Rio Sono;6254.0;6254.0;4841.0;-1413.0
4002;Rio Tinto;22976.0;23366.0;24581.0;1605.0
4003;Rio Verde;176424.0;176424.0;225696.0;49272.0
4004;Rio Verde de Mato Grosso;18890.0;19066.0;19818.0;928.0
4005;Rio Vermelho;13645.0;13645.0;12641.0;-1004.0
4006;Rio da Conceição;1714.0;1714.0;1768.0;54.0
4007;Rio das Antas;6143.0;6129.0;6253.0;110.0
4008;Rio das Flores;8561.0;8552.0;8954.0;393.0
4009;Rio das Ostras;105676.0;105680.0;156491.0;50815.0
4010;Rio das Pedras;29501.0;29501.0;31328.0;1827.0
4011;Rio de Contas;13007.0;13278.0;13184.0;177.0
4012;Rio de Janeiro;6320446.0;6320446.0;6211223.0;-109223.0
4013;Rio do Antônio;14815.0;14312.0;13146.0;-1669.0
4014;Rio do Campo;6192.0;6192.0;6452.0;260.0
4015;Rio do Fogo;10059.0;10059.0;10351.0;292.0
4016;Rio do Oeste;7090.0;7072.0;7747.0;657.0
4017;Rio do Pires;11918.0;11336.0;10497.0;-1421.0
4018;Rio do Prado;5217.0;5217.0;4639.0;-578.0
4019;Rio do Sul;61198.0;61297.0;72587.0;11389.0
4020;Rio dos Bois;2570.0;2570.0;2738.0;168.0
4021;Rio dos Cedros;10284.0;10286.0;10865.0;581.0
4022;Rio dos Índios;3616.0;3616.0;2835.0;-781.0
4023;Riolândia;10575.0;10575.0;10309.0;-266.0
4024;Riozinho;4330.0;4330.0;4473.0;143.0
4025;Riqueza;4838.0;4860.0;4768.0;-70.0
4026;Ritápolis;4925.0;4925.0;4994.0;69.0
4027;Riversul;6163.0;6163.0;5599.0;-564.0
4028;Roca Sales;10284.0;10275.0;10418.0;134.0
4029;Rochedo;4928.0;4557.0;5199.0;271.0
4030;Rochedo de Minas;2116.0;2116.0;2291.0;175.0
4031;Rodeio;10922.0;10922.0;12757.0;1835.0
4032;Rodeio Bonito;5743.0;5743.0;6654.0;911.0
4033;Rodeiro;6867.0;6867.0;8664.0;1797.0
4034;Rodelas;7775.0;8056.0;10308.0;2533.0
4035;Rodolfo Fernandes;4418.0;4418.0;4242.0;-176.0
4036;Rodrigues Alves;14389.0;14389.0;14938.0;549.0
4037;Rolador;2546.0;2546.0;2291.0;-255.0
4038;Rolante;19485.0;19448.0;21253.0;1768.0
4039;Rolim de Moura;50648.0;50648.0;56406.0;5758.0
4040;Rolândia;57862.0;57862.0;71670.0;13808.0
4041;Romaria;3596.0;3596.0;3386.0;-210.0
4042;Romelândia;5551.0;5637.0;4823.0;-728.0
4043;Roncador;11537.0;11537.0;11251.0;-286.0
4044;Ronda Alta;10221.0;10221.0;9777.0;-444.0
4045;Rondinha;5518.0;5518.0;4991.0;-527.0
4046;Rondolândia;3604.0;3604.0;3505.0;-99.0
4047;Rondon;8996.0;8989.0;9097.0;101.0
4048;Rondon do Pará;46964.0;46964.0;53143.0;6179.0
4049;Rondonópolis;195476.0;195586.0;244911.0;49435.0
4050;Roque Gonzales;7203.0;7203.0;6576.0;-627.0
4051;Rorainópolis;24279.0;24279.0;32647.0;8368.0
4052;Rosana;19691.0;19691.0;17440.0;-2251.0
4053;Roseira;9599.0;9599.0;10832.0;1233.0
4054;Rosário;39576.0;39576.0;38475.0;-1101.0
4055;Rosário Oeste;17679.0;17527.0;15453.0;-2226.0
4056;Rosário da Limeira;4247.0;4247.0;4734.0;487.0
4057;Rosário do Catete;9221.0;9221.0;9295.0;74.0
4058;Rosário do Ivaí;5588.0;5588.0;5435.0;-153.0
4059;Rosário do Sul;39707.0;39700.0;36630.0;-3077.0
4060;Roteiro;6656.0;6656.0;6474.0;-182.0
4061;Rubelita;7772.0;7772.0;5679.0;-2093.0
4062;Rubiataba;18915.0;18915.0;19788.0;873.0
4063;Rubim;9919.0;9919.0;10298.0;379.0
4064;Rubinéia;2862.0;2862.0;3833.0;971.0
4065;Rubiácea;2729.0;2729.0;2700.0;-29.0
4066;Rurópolis;40087.0;40087.0;35769.0;-4318.0
4067;Russas;69833.0;70408.0;72928.0;3095.0
4068;Ruy Barbosa;33482.0;33363.0;31488.0;-1994.0
4069;Sabará;126269.0;126384.0;129380.0;3111.0
4070;Sabino;5217.0;5217.0;5112.0;-105.0
4071;Sabinópolis;15704.0;15704.0;14240.0;-1464.0
4072;Saboeiro;15752.0;15792.0;13854.0;-1898.0
4073;Sabáudia;6096.0;6096.0;8822.0;2726.0
4074;Sacramento;23896.0;23896.0;26670.0;2774.0
4075;Sagrada Família;2595.0;2595.0;2480.0;-115.0
4076;Sagres;2395.0;2395.0;2474.0;79.0
4077;Sairé;11240.0;11240.0;10887.0;-353.0
4078;Saldanha Marinho;2869.0;2869.0;2575.0;-294.0
4079;Sales;5451.0;5451.0;6437.0;986.0
4080;Sales Oliveira;10568.0;10568.0;11411.0;843.0
4081;Salesópolis;15635.0;15635.0;15202.0;-433.0
4082;Salete;7370.0;7370.0;7489.0;119.0
4083;Salgadinho;12820.0;12748.0;9082.0;-3738.0
4084;Salgado;19365.0;19365.0;20279.0;914.0
4085;Salgado Filho;4403.0;4338.0;4075.0;-328.0
4086;Salgado de São Félix;11976.0;11976.0;11505.0;-471.0
4087;Salgueiro;56629.0;56629.0;62372.0;5743.0
4088;Salinas;39178.0;39125.0;40178.0;1000.0
4089;Salinas da Margarida;13456.0;13463.0;14987.0;1531.0
4090;Salinópolis;37421.0;37421.0;44772.0;7351.0
4091;Salitre;15453.0;15487.0;16633.0;1180.0
4092;Salmourão;4818.0;4818.0;4808.0;-10.0
4093;Saloá;15309.0;15309.0;13836.0;-1473.0
4094;Saltinho;11020.0;11025.0;11793.0;773.0
4095;Salto;105516.0;105516.0;134319.0;28803.0
4096;Salto Grande;8787.0;8787.0;9050.0;263.0
4097;Salto Veloso;4301.0;4301.0;4390.0;89.0
4098;Salto da Divisa;6859.0;6859.0;6110.0;-749.0
4099;Salto de Pirapora;40132.0;40132.0;43748.0;3616.0
4100;Salto do Céu;3908.0;3908.0;3679.0;-229.0
4101;Salto do Itararé;5178.0;5178.0;5192.0;14.0
4102;Salto do Jacuí;11880.0;11880.0;10203.0;-1677.0
4103;Salto do Lontra;13689.0;13689.0;15223.0;1534.0
4104;Salvador;2675656.0;2675656.0;2417678.0;-257978.0
4105;Salvador das Missões;2669.0;2669.0;2877.0;208.0
4106;Salvador do Sul;6747.0;6747.0;6879.0;132.0
4107;Salvaterra;20183.0;20183.0;24129.0;3946.0
4108;Sambaíba;5487.0;5487.0;5568.0;81.0
4109;Sampaio;3864.0;3864.0;4215.0;351.0
4110;Sananduva;15373.0;15373.0;16399.0;1026.0
4111;Sanclerlândia;7550.0;7554.0;7918.0;368.0
4112;Sandolândia;3326.0;3326.0;3723.0;397.0
4113;Sandovalina;3699.0;3699.0;3645.0;-54.0
4114;Sangão;10400.0;10400.0;12882.0;2482.0
4115;Sanharó;21955.0;21955.0;18624.0;-3331.0
4116;Sant'Ana do Livramento;82464.0;82464.0;84421.0;1957.0
4117;Santa Adélia;14333.0;14333.0;14018.0;-315.0
4118;Santa Albertina;5723.0;5723.0;6393.0;670.0
4119;Santa Amélia;3803.0;3803.0;3394.0;-409.0
4120;Santa Branca;13763.0;13763.0;13975.0;212.0
4121;Santa Brígida;15060.0;15407.0;14965.0;-95.0
4122;Santa Bárbara;46940.0;47556.0;51418.0;4478.0
4123;Santa Bárbara d'Oeste;180009.0;180009.0;183347.0;3338.0
4124;Santa Bárbara de Goiás;5751.0;5746.0;6149.0;398.0
4125;Santa Bárbara do Leste;7682.0;7682.0;8458.0;776.0
4126;Santa Bárbara do Monte Verde;2788.0;2788.0;3095.0;307.0
4127;Santa Bárbara do Pará;17141.0;17141.0;21087.0;3946.0
4128;Santa Bárbara do Sul;8829.0;8843.0;8122.0;-707.0
4129;Santa Bárbara do Tugúrio;4570.0;4570.0;4208.0;-362.0
4130;Santa Carmem;4085.0;4085.0;5374.0;1289.0
4131;Santa Cecília;22415.0;22320.0;23216.0;801.0
4132;Santa Cecília do Pavão;3646.0;3642.0;3365.0;-281.0
4133;Santa Cecília do Sul;1655.0;1655.0;1674.0;19.0
4134;Santa Clara d'Oeste;2084.0;2084.0;2598.0;514.0
4135;Santa Clara do Sul;5697.0;5697.0;6887.0;1190.0
4136;Santa Cruz;55862.0;55862.0;57101.0;1239.0
4137;Santa Cruz Cabrália;26264.0;25827.0;29185.0;2921.0
4138;Santa Cruz da Baixa Verde;11768.0;11768.0;11567.0;-201.0
4139;Santa Cruz da Conceição;4002.0;4002.0;4277.0;275.0
4140;Santa Cruz da Esperança;1953.0;1953.0;2116.0;163.0
4141;Santa Cruz da Vitória;6673.0;6557.0;4681.0;-1992.0
4142;Santa Cruz das Palmeiras;29932.0;29932.0;28864.0;-1068.0
4143;Santa Cruz de Goiás;3142.0;3140.0;3002.0;-140.0
4144;Santa Cruz de Minas;7865.0;7865.0;8109.0;244.0
4145;Santa Cruz de Monte Castelo;8092.0;8092.0;8613.0;521.0
4146;Santa Cruz de Salinas;4397.0;4397.0;3910.0;-487.0
4147;Santa Cruz do Arari;8155.0;8155.0;7445.0;-710.0
4148;Santa Cruz do Capibaribe;87582.0;87582.0;98254.0;10672.0
4149;Santa Cruz do Escalvado;4992.0;4992.0;4673.0;-319.0
4150;Santa Cruz do Piauí;6027.0;6027.0;5831.0;-196.0
4151;Santa Cruz do Rio Pardo;43921.0;43921.0;46442.0;2521.0
4152;Santa Cruz do Sul;118374.0;118374.0;133230.0;14856.0
4153;Santa Cruz do Xingu;1900.0;1900.0;2661.0;761.0
4154;Santa Cruz dos Milagres;3794.0;3794.0;3435.0;-359.0
4155;Santa Efigênia de Minas;4600.0;4600.0;4039.0;-561.0
4156;Santa Ernestina;5568.0;5568.0;6118.0;550.0
4157;Santa Filomena;19467.0;19467.0;18193.0;-1274.0
4158;Santa Filomena do Maranhão;7061.0;7133.0;6697.0;-364.0
4159;Santa Fé;10432.0;10432.0;11378.0;946.0
4160;Santa Fé de Goiás;4762.0;4762.0;4951.0;189.0
4161;Santa Fé de Minas;3968.0;3968.0;3522.0;-446.0
4162;Santa Fé do Araguaia;6599.0;6599.0;7216.0;617.0
4163;Santa Fé do Sul;29239.0;29239.0;34794.0;5555.0
4164;Santa Gertrudes;21634.0;21634.0;23611.0;1977.0
4165;Santa Helena;70274.0;69806.0;75343.0;5069.0
4166;Santa Helena de Goiás;36469.0;36467.0;38492.0;2023.0
4167;Santa Helena de Minas;6055.0;6055.0;5938.0;-117.0
4168;Santa Inês;93002.0;99240.0;100289.0;7287.0
4169;Santa Isabel;54139.0;54139.0;56712.0;2573.0
4170;Santa Isabel do Ivaí;8760.0;8760.0;8912.0;152.0
4171;Santa Isabel do Rio Negro;18146.0;18146.0;14164.0;-3982.0
4172;Santa Izabel do Oeste;13132.0;13132.0;14070.0;938.0
4173;Santa Izabel do Pará;59466.0;59466.0;73019.0;13553.0
4174;Santa Juliana;11337.0;11337.0;15734.0;4397.0
4175;Santa Leopoldina;12240.0;12191.0;13106.0;866.0
4176;Santa Luz;5513.0;5513.0;5336.0;-177.0
4177;Santa Luzia;305048.0;300280.0;305622.0;574.0
4178;Santa Luzia D'Oeste;8886.0;8886.0;7419.0;-1467.0
4179;Santa Luzia do Itanhy;12969.0;12969.0;13616.0;647.0
4180;Santa Luzia do Norte;6891.0;6891.0;6919.0;28.0
4181;Santa Luzia do Paruá;22644.0;23676.0;24307.0;1663.0
4182;Santa Luzia do Pará;19424.0;19424.0;20370.0;946.0
4183;Santa Lúcia;12173.0;12171.0;10793.0;-1380.0
4184;Santa Margarida;15011.0;15011.0;16395.0;1384.0
4185;Santa Margarida do Sul;2352.0;2352.0;2596.0;244.0
4186;Santa Maria;265793.0;265794.0;276582.0;10789.0
4187;Santa Maria Madalena;10321.0;10321.0;10232.0;-89.0
4188;Santa Maria da Boa Vista;39435.0;39435.0;40578.0;1143.0
4189;Santa Maria da Serra;5413.0;5413.0;5243.0;-170.0
4190;Santa Maria da Vitória;40309.0;39743.0;38604.0;-1705.0
4191;Santa Maria das Barreiras;17206.0;17206.0;16548.0;-658.0
4192;Santa Maria de Itabira;10552.0;10552.0;10485.0;-67.0
4193;Santa Maria de Jetibá;34176.0;34197.0;41636.0;7460.0
4194;Santa Maria do Cambucá;13021.0;13021.0;14013.0;992.0
4195;Santa Maria do Herval;6053.0;6063.0;6340.0;287.0
4196;Santa Maria do Oeste;11500.0;11316.0;9934.0;-1566.0
4197;Santa Maria do Pará;23026.0;23026.0;24624.0;1598.0
4198;Santa Maria do Salto;5284.0;5284.0;4755.0;-529.0
4199;Santa Maria do Suaçuí;14395.0;14395.0;12788.0;-1607.0
4200;Santa Maria do Tocantins;2894.0;2894.0;2680.0;-214.0
4201;Santa Mariana;12435.0;12435.0;11066.0;-1369.0
4202;Santa Mercedes;2831.0;2831.0;2956.0;125.0
4203;Santa Mônica;3571.0;3571.0;3356.0;-215.0
4204;Santa Quitéria;42763.0;42763.0;40183.0;-2580.0
4205;Santa Quitéria do Maranhão;29191.0;24021.0;23957.0;-5234.0
4206;Santa Rita;152676.0;160754.0;186945.0;34269.0
4207;Santa Rita d'Oeste;2543.0;2543.0;2733.0;190.0
4208;Santa Rita de Caldas;9027.0;9027.0;8460.0;-567.0
4209;Santa Rita de Cássia;26250.0;26404.0;27390.0;1140.0
4210;Santa Rita de Ibitipoca;3583.0;3583.0;3301.0;-282.0
4211;Santa Rita de Jacutinga;4993.0;4993.0;4755.0;-238.0
4212;Santa Rita de Minas;6547.0;6547.0;6773.0;226.0
4213;Santa Rita do Araguaia;6924.0;6924.0;5924.0;-1000.0
4214;Santa Rita do Itueto;5697.0;5697.0;5826.0;129.0
4215;Santa Rita do Novo Destino;3173.0;3173.0;2689.0;-484.0
4216;Santa Rita do Pardo;7259.0;7259.0;7027.0;-232.0
4217;Santa Rita do Passa Quatro;26478.0;26478.0;24833.0;-1645.0
4218;Santa Rita do Sapucaí;37754.0;37754.0;40635.0;2881.0
4219;Santa Rita do Tocantins;2128.0;2128.0;2219.0;91.0
4220;Santa Rita do Trivelato;2491.0;2477.0;3276.0;785.0
4221;Santa Rosa;68587.0;68587.0;76963.0;8376.0
4222;Santa Rosa da Serra;3224.0;3224.0;3382.0;158.0
4223;Santa Rosa de Goiás;2909.0;2922.0;2820.0;-89.0
4224;Santa Rosa de Lima;5814.0;5814.0;6025.0;211.0
4225;Santa Rosa de Viterbo;23862.0;23862.0;23411.0;-451.0
4226;Santa Rosa do Piauí;5149.0;5149.0;4650.0;-499.0
4227;Santa Rosa do Purus;4691.0;4691.0;6723.0;2032.0
4228;Santa Rosa do Sul;8054.0;8043.0;9792.0;1738.0
4229;Santa Rosa do Tocantins;4568.0;4568.0;4653.0;85.0
4230;Santa Salete;1447.0;1447.0;1645.0;198.0
4231;Santa Teresa;21823.0;21851.0;22808.0;985.0
4232;Santa Teresinha;4581.0;4581.0;4402.0;-179.0
4233;Santa Tereza;1720.0;1732.0;1505.0;-215.0
4234;Santa Tereza de Goiás;3995.0;3995.0;3293.0;-702.0
4235;Santa Tereza do Oeste;10332.0;10332.0;13174.0;2842.0
4236;Santa Tereza do Tocantins;2523.0;2523.0;2781.0;258.0
4237;Santa Terezinha;36803.0;36882.0;36347.0;-456.0
4238;Santa Terezinha de Goiás;10302.0;10306.0;10645.0;343.0
4239;Santa Terezinha de Itaipu;20841.0;20841.0;24262.0;3421.0
4240;Santa Terezinha do Progresso;2896.0;2896.0;2576.0;-320.0
4241;Santa Terezinha do Tocantins;2474.0;2475.0;2406.0;-68.0
4242;Santa Vitória;18138.0;18138.0;20973.0;2835.0
4243;Santa Vitória do Palmar;30990.0;30990.0;30983.0;-7.0
4244;Santaluz;33838.0;34833.0;37834.0;3996.0
4245;Santana;126012.0;126456.0;132373.0;6361.0
4246;Santana da Boa Vista;8242.0;8242.0;7024.0;-1218.0
4247;Santana da Ponte Pensa;1641.0;1641.0;1670.0;29.0
4248;Santana da Vargem;7231.0;7231.0;6691.0;-540.0
4249;Santana de Cataguases;3622.0;3622.0;3489.0;-133.0
4250;Santana de Mangueira;5331.0;5328.0;5010.0;-321.0
4251;Santana de Parnaíba;108813.0;108813.0;154105.0;45292.0
4252;Santana de Pirapama;8009.0;8009.0;7030.0;-979.0
4253;Santana do Acaraú;29946.0;29972.0;30628.0;682.0
4254;Santana do Araguaia;56153.0;56153.0;32413.0;-23740.0
4255;Santana do Cariri;17170.0;17228.0;16954.0;-216.0
4256;Santana do Deserto;3860.0;3860.0;3747.0;-113.0
4257;Santana do Garambéu;2234.0;2234.0;2137.0;-97.0
4258;Santana do Ipanema;44932.0;44867.0;46220.0;1288.0
4259;Santana do Itararé;5249.0;5249.0;5514.0;265.0
4260;Santana do Jacaré;4607.0;4607.0;4214.0;-393.0
4261;Santana do Manhuaçu;8582.0;8582.0;8987.0;405.0
4262;Santana do Maranhão;11661.0;11661.0;10567.0;-1094.0
4263;Santana do Matos;13809.0;13284.0;12456.0;-1353.0
4264;Santana do Mundaú;10961.0;10997.0;11323.0;362.0
4265;Santana do Paraíso;27265.0;27265.0;44800.0;17535.0
4266;Santana do Piauí;4917.0;4445.0;4125.0;-792.0
4267;Santana do Riacho;4023.0;4023.0;5313.0;1290.0
4268;Santana do Seridó;2526.0;2526.0;2696.0;170.0
4269;Santana do São Francisco;7038.0;7038.0;7346.0;308.0
4270;Santana dos Garrotes;7266.0;7266.0;6569.0;-697.0
4271;Santana dos Montes;3822.0;3822.0;3469.0;-353.0
4272;Santanópolis;8776.0;8549.0;8716.0;-60.0
4273;Santarém;294580.0;279805.0;331942.0;37362.0
4274;Santarém Novo;6141.0;6141.0;6116.0;-25.0
4275;Santiago;49071.0;49071.0;48938.0;-133.0
4276;Santiago do Sul;1465.0;1465.0;1651.0;186.0
4277;Santo Afonso;2991.0;2991.0;2519.0;-472.0
4278;Santo Amaro;57800.0;58270.0;56012.0;-1788.0
4279;Santo Amaro da Imperatriz;19823.0;19823.0;27272.0;7449.0
4280;Santo Amaro das Brotas;11410.0;11410.0;11092.0;-318.0
4281;Santo Amaro do Maranhão;13820.0;13820.0;13949.0;129.0
4282;Santo Anastácio;20475.0;20475.0;17963.0;-2512.0
4283;Santo André;679045.0;678976.0;751541.0;72496.0
4284;Santo Antônio;22216.0;22216.0;22177.0;-39.0
4285;Santo Antônio da Alegria;6304.0;6304.0;6775.0;471.0
4286;Santo Antônio da Barra;4423.0;4423.0;4267.0;-156.0
4287;Santo Antônio da Patrulha;39685.0;39722.0;42947.0;3262.0
4288;Santo Antônio da Platina;42707.0;42707.0;44369.0;1662.0
4289;Santo Antônio das Missões;11210.0;11210.0;10300.0;-910.0
4290;Santo Antônio de Goiás;4703.0;4703.0;7386.0;2683.0
4291;Santo Antônio de Jesus;90985.0;91057.0;103055.0;12070.0
4292;Santo Antônio de Lisboa;6007.0;6020.0;5839.0;-168.0
4293;Santo Antônio de Posse;20650.0;20650.0;23244.0;2594.0
4294;Santo Antônio de Pádua;40589.0;40589.0;41325.0;736.0
4295;Santo Antônio do Amparo;17345.0;17345.0;17285.0;-60.0
4296;Santo Antônio do Aracanguá;7626.0;7626.0;8379.0;753.0
4297;Santo Antônio do Aventureiro;3538.0;3538.0;3769.0;231.0
4298;Santo Antônio do Caiuá;2727.0;2727.0;2493.0;-234.0
4299;Santo Antônio do Descoberto;63248.0;63233.0;72127.0;8879.0
4300;Santo Antônio do Grama;4085.0;4085.0;4229.0;144.0
4301;Santo Antônio do Itambé;4135.0;4135.0;3915.0;-220.0
4302;Santo Antônio do Içá;24481.0;24481.0;28211.0;3730.0
4303;Santo Antônio do Jacinto;11775.0;11775.0;10327.0;-1448.0
4304;Santo Antônio do Jardim;5943.0;5943.0;6126.0;183.0
4305;Santo Antônio do Leste;3754.0;3748.0;4099.0;345.0
4306;Santo Antônio do Leverger;18463.0;14751.0;15246.0;-3217.0
4307;Santo Antônio do Monte;25975.0;25975.0;27295.0;1320.0
4308;Santo Antônio do Palma;2139.0;2139.0;2091.0;-48.0
4309;Santo Antônio do Paraíso;2408.0;2408.0;2125.0;-283.0
4310;Santo Antônio do Pinhal;6486.0;6486.0;7133.0;647.0
4311;Santo Antônio do Planalto;1987.0;1987.0;2089.0;102.0
4312;Santo Antônio do Retiro;6955.0;6955.0;6629.0;-326.0
4313;Santo Antônio do Rio Abaixo;1777.0;1777.0;1808.0;31.0
4314;Santo Antônio do Sudoeste;18893.0;18893.0;23673.0;4780.0
4315;Santo Antônio do Tauá;26674.0;26674.0;27461.0;787.0
4316;Santo Antônio dos Lopes;14288.0;14288.0;14304.0;16.0
4317;Santo Antônio dos Milagres;2059.0;2059.0;2138.0;79.0
4318;Santo Augusto;13968.0;13968.0;13902.0;-66.0
4319;Santo Cristo;14378.0;14378.0;15320.0;942.0
4320;Santo Estêvão;47880.0;47726.0;52276.0;4396.0
4321;Santo Expedito;2803.0;2803.0;3000.0;197.0
4322;Santo Expedito do Sul;2461.0;2461.0;2349.0;-112.0
4323;Santo Hipólito;3238.0;3238.0;2717.0;-521.0
4324;Santo Inácio;5269.0;5241.0;6181.0;912.0
4325;Santo Inácio do Piauí;3648.0;3654.0;3646.0;-2.0
4326;Santo Ângelo;76275.0;76275.0;76917.0;642.0
4327;Santos;419400.0;419400.0;418608.0;-792.0
4328;Santos Dumont;46284.0;46284.0;42406.0;-3878.0
4329;Santópolis do Aguapeí;4277.0;4277.0;3899.0;-378.0
4330;Sapeaçu;16585.0;16943.0;17963.0;1378.0
4331;Sapezal;18094.0;18089.0;28944.0;10850.0
4332;Sapiranga;74985.0;72968.0;75648.0;663.0
4333;Sapopema;6736.0;6736.0;6695.0;-41.0
4334;Sapucaia;22572.0;22726.0;23576.0;1004.0
4335;Sapucaia do Sul;130957.0;130957.0;132107.0;1150.0
4336;Sapucaí-Mirim;6241.0;6241.0;6311.0;70.0
4337;Sapé;50143.0;50143.0;51306.0;1163.0
4338;Saquarema;74234.0;74293.0;89559.0;15325.0
4339;Sarandi;104132.0;105777.0;141306.0;37174.0
4340;Sarapuí;9027.0;9027.0;10369.0;1342.0
4341;Sardoá;5594.0;5594.0;5104.0;-490.0
4342;Sarutaiá;3622.0;3622.0;3704.0;82.0
4343;Sarzedo;25814.0;25814.0;36844.0;11030.0
4344;Satuba;14603.0;12443.0;24278.0;9675.0
4345;Satubinha;11990.0;11990.0;8784.0;-3206.0
4346;Saubara;11201.0;11201.0;11438.0;237.0
4347;Saudade do Iguaçu;5028.0;5028.0;6108.0;1080.0
4348;Saudades;9016.0;8994.0;10265.0;1249.0
4349;Saúde;11845.0;12373.0;10478.0;-1367.0
4350;Schroeder;15316.0;15316.0;20061.0;4745.0
4351;Seabra;41798.0;41821.0;46160.0;4362.0
4352;Seara;16936.0;16936.0;18620.0;1684.0
4353;Sebastianópolis do Sul;3031.0;3031.0;3130.0;99.0
4354;Sebastião Barros;3560.0;3560.0;3202.0;-358.0
4355;Sebastião Laranjeiras;10371.0;10444.0;9360.0;-1011.0
4356;Sebastião Leal;4116.0;4116.0;4446.0;330.0
4357;Seberi;10897.0;10897.0;11950.0;1053.0
4358;Sede Nova;3011.0;3011.0;2704.0;-307.0
4359;Segredo;7158.0;7050.0;6009.0;-1149.0
4360;Selbach;4929.0;4929.0;5107.0;178.0
4361;Selvíria;6287.0;6287.0;8142.0;1855.0
4362;Sem-Peixe;2847.0;2847.0;2433.0;-414.0
4363;Sena Madureira;38029.0;38029.0;41343.0;3314.0
4364;Senador Alexandre Costa;10256.0;10256.0;10207.0;-49.0
4365;Senador Amaral;5219.0;5219.0;6206.0;987.0
4366;Senador Canedo;84443.0;84433.0;155635.0;71192.0
4367;Senador Cortes;1988.0;1988.0;2240.0;252.0
4368;Senador Elói de Souza;5637.0;5553.0;5965.0;328.0
4369;Senador Firmino;7230.0;7230.0;7716.0;486.0
4370;Senador Georgino Avelino;3924.0;3924.0;4065.0;141.0
4371;Senador Guiomard;20179.0;20179.0;21454.0;1275.0
4372;Senador José Bento;1868.0;1868.0;2068.0;200.0
4373;Senador José Porfírio;13045.0;13045.0;22576.0;9531.0
4374;Senador La Rocque;17998.0;14479.0;14700.0;-3298.0
4375;Senador Modestino Gonçalves;4574.0;4574.0;4008.0;-566.0
4376;Senador Pompeu;26469.0;25350.0;24266.0;-2203.0
4377;Senador Rui Palmeira;13047.0;12974.0;12303.0;-744.0
4378;Senador Salgado Filho;2814.0;2814.0;2673.0;-141.0
4379;Senador Sá;6852.0;6852.0;7262.0;410.0
4380;Sengés;18414.0;18414.0;17270.0;-1144.0
4381;Senhor do Bonfim;74419.0;73466.0;74523.0;104.0
4382;Senhora de Oliveira;5683.0;5683.0;5483.0;-200.0
4383;Senhora do Porto;3497.0;3497.0;3067.0;-430.0
4384;Senhora dos Remédios;10196.0;10196.0;10384.0;188.0
4385;Sentinela do Sul;5198.0;5198.0;5306.0;108.0
4386;Sento Sé;37425.0;36909.0;38154.0;729.0
4387;Serafina Corrêa;14253.0;14253.0;16961.0;2708.0
4388;Sericita;7128.0;7128.0;7345.0;217.0
4389;Seringueiras;11629.0;11629.0;11171.0;-458.0
4390;Seritinga;1789.0;1789.0;1819.0;30.0
4391;Seropédica;78186.0;73463.0;80596.0;2410.0
4392;Serra;409267.0;417330.0;520653.0;111386.0
4393;Serra Alta;3285.0;3272.0;3303.0;18.0
4394;Serra Azul;11256.0;11256.0;12746.0;1490.0
4395;Serra Azul de Minas;4220.0;4220.0;3792.0;-428.0
4396;Serra Branca;12973.0;12987.0;13614.0;641.0
4397;Serra Caiada;8768.0;8960.0;10125.0;1357.0
4398;Serra Dourada;18112.0;17656.0;17066.0;-1046.0
4399;Serra Grande;2975.0;2794.0;2942.0;-33.0
4400;Serra Negra;26387.0;26387.0;29894.0;3507.0
4401;Serra Negra do Norte;7770.0;7770.0;7597.0;-173.0
4402;Serra Nova Dourada;1365.0;1365.0;1800.0;435.0
4403;Serra Preta;15401.0;16304.0;17996.0;2595.0
4404;Serra Redonda;7050.0;7070.0;6828.0;-222.0
4405;Serra Talhada;79232.0;79232.0;92228.0;12996.0
4406;Serra da Raiz;3204.0;3228.0;3094.0;-110.0
4407;Serra da Saudade;815.0;815.0;833.0;18.0
4408;Serra de São Bento;5743.0;5743.0;5703.0;-40.0
4409;Serra do Mel;10287.0;10287.0;13091.0;2804.0
4410;Serra do Navio;4380.0;4380.0;4673.0;293.0
4411;Serra do Ramalho;31638.0;31391.0;34222.0;2584.0
4412;Serra do Salitre;10549.0;10549.0;11801.0;1252.0
4413;Serra dos Aimorés;8412.0;8412.0;6944.0;-1468.0
4414;Serrana;38878.0;38878.0;43909.0;5031.0
4415;Serrania;7542.0;7542.0;7621.0;79.0
4416;Serrano do Maranhão;10286.0;9632.0;10202.0;-84.0
4417;Serranos;1995.0;1995.0;1990.0;-5.0
4418;Serranópolis;7481.0;7481.0;8027.0;546.0
4419;Serranópolis de Minas;4425.0;4425.0;4399.0;-26.0
4420;Serranópolis do Iguaçu;4568.0;4568.0;5007.0;439.0
4421;Serraria;6238.0;6238.0;4885.0;-1353.0
4422;Serrinha;83343.0;81676.0;86871.0;3528.0
4423;Serrinha dos Pintos;4540.0;4540.0;4659.0;119.0
4424;Serrita;18331.0;18446.0;18207.0;-124.0
4425;Serro;20835.0;20835.0;21952.0;1117.0
4426;Serrolândia;12344.0;12664.0;13335.0;991.0
4427;Sertaneja;5817.0;5817.0;5616.0;-201.0
4428;Sertanópolis;15638.0;15638.0;15930.0;292.0
4429;Sertânia;33787.0;33787.0;32811.0;-976.0
4430;Sertão;6294.0;6294.0;5541.0;-753.0
4431;Sertão Santana;5850.0;5850.0;5863.0;13.0
4432;Sertãozinho;114469.0;114469.0;131941.0;17472.0
4433;Sete Barras;13005.0;13005.0;12730.0;-275.0
4434;Sete Lagoas;214152.0;214221.0;227397.0;13245.0
4435;Sete Quedas;10780.0;10780.0;10994.0;214.0
4436;Sete de Setembro;2124.0;2124.0;1830.0;-294.0
4437;Setubinha;10885.0;10885.0;9917.0;-968.0
4438;Severiano Melo;5752.0;5752.0;5487.0;-265.0
4439;Severiano de Almeida;3842.0;3842.0;3406.0;-436.0
4440;Severínia;15501.0;15501.0;14576.0;-925.0
4441;Siderópolis;12998.0;12998.0;13714.0;716.0
4442;Sidrolândia;42132.0;42114.0;47118.0;4986.0
4443;Sigefredo Pacheco;9619.0;9649.0;9460.0;-159.0
4444;Silva Jardim;21349.0;21349.0;21352.0;3.0
4445;Silvanópolis;5068.0;5068.0;5108.0;40.0
4446;Silveira Martins;2449.0;2434.0;2028.0;-421.0
4447;Silveiras;5792.0;5792.0;6186.0;394.0
4448;Silveirânia;2192.0;2192.0;2323.0;131.0
4449;Silves;8444.0;8444.0;11559.0;3115.0
4450;Silvianópolis;6027.0;6027.0;6179.0;152.0
4451;Silvânia;19089.0;19210.0;22245.0;3156.0
4452;Simolândia;6514.0;6507.0;5742.0;-772.0
4453;Simonésia;18298.0;18298.0;19750.0;1452.0
4454;Simplício Mendes;12077.0;12089.0;13870.0;1793.0
4455;Simão Dias;38702.0;38581.0;42578.0;3876.0
4456;Simão Pereira;2537.0;2537.0;2947.0;410.0
4457;Simões;14180.0;14138.0;14350.0;170.0
4458;Simões Filho;118047.0;118047.0;114559.0;-3488.0
4459;Sinimbu;10068.0;10068.0;8578.0;-1490.0
4460;Sinop;113099.0;113099.0;196312.0;83213.0
4461;Siqueira Campos;18454.0;18454.0;22811.0;4357.0
4462;Sirinhaém;40296.0;40296.0;37596.0;-2700.0
4463;Siriri;8004.0;8004.0;7834.0;-170.0
4464;Sobradinho;36283.0;36595.0;39701.0;3418.0
4465;Sobrado;7373.0;7373.0;8236.0;863.0
4466;Sobral;188233.0;188677.0;203023.0;14790.0
4467;Sobrália;5830.0;5830.0;5137.0;-693.0
4468;Socorro;36686.0;36686.0;40122.0;3436.0
4469;Socorro do Piauí;4522.0;4522.0;4141.0;-381.0
4470;Soledade;43783.0;43818.0;43959.0;176.0
4471;Soledade de Minas;5676.0;5676.0;5613.0;-63.0
4472;Solidão;5744.0;5744.0;5210.0;-534.0
4473;Solonópole;17665.0;17665.0;18179.0;514.0
4474;Solânea;26693.0;27380.0;26774.0;81.0
4475;Sombrio;26613.0;26613.0;29991.0;3378.0
4476;Sonora;14833.0;14827.0;14516.0;-317.0
4477;Sooretama;23843.0;23843.0;26502.0;2659.0
4478;Sorocaba;586625.0;586816.0;723682.0;137057.0
4479;Sorriso;66521.0;66354.0;110635.0;44114.0
4480;Sossêgo;3169.0;3169.0;3345.0;176.0
4481;Soure;23001.0;23001.0;24204.0;1203.0
4482;Sousa;65803.0;65799.0;67259.0;1456.0
4483;Souto Soares;15899.0;15952.0;17054.0;1155.0
4484;Sucupira;1742.0;1742.0;1577.0;-165.0
4485;Sucupira do Norte;10444.0;10444.0;10238.0;-206.0
4486;Sucupira do Riachão;4613.0;5406.0;4985.0;372.0
4487;Sud Mennucci;7435.0;7435.0;7355.0;-80.0
4488;Sul Brasil;2766.0;2768.0;2832.0;66.0
4489;Sulina;3394.0;3394.0;3440.0;46.0
4490;Sumaré;241311.0;239562.0;279545.0;38234.0
4491;Sumidouro;14900.0;14911.0;15206.0;306.0
4492;Sumé;16060.0;16096.0;17166.0;1106.0
4493;Surubim;58515.0;58515.0;64120.0;5605.0
4494;Sussuapara;6229.0;6229.0;6220.0;-9.0
4495;Suzano;262480.0;262480.0;307429.0;44949.0
4496;Suzanápolis;3383.0;3383.0;3408.0;25.0
4497;Sátiro Dias;18964.0;16646.0;16008.0;-2956.0
4498;São Benedito;44178.0;44875.0;47640.0;3462.0
4499;São Benedito do Rio Preto;17799.0;17799.0;18364.0;565.0
4500;São Benedito do Sul;13941.0;13941.0;13113.0;-828.0
4501;São Bentinho;4138.0;4138.0;4327.0;189.0
4502;São Bento;71615.0;71537.0;78630.0;7015.0
4503;São Bento Abade;4577.0;4577.0;4713.0;136.0
4504;São Bento do Norte;2975.0;2975.0;3304.0;329.0
4505;São Bento do Sapucaí;10468.0;10468.0;11674.0;1206.0
4506;São Bento do Sul;74801.0;74796.0;83277.0;8476.0
4507;São Bento do Tocantins;4608.0;4608.0;5654.0;1046.0
4508;São Bento do Trairí;3905.0;3905.0;3792.0;-113.0
4509;São Bento do Una;53242.0;53242.0;49449.0;-3793.0
4510;São Bernardino;2677.0;2744.0;2684.0;7.0
4511;São Bernardo;26476.0;26476.0;26943.0;467.0
4512;São Bernardo do Campo;765463.0;765463.0;810729.0;45266.0
4513;São Bonifácio;3008.0;3008.0;2946.0;-62.0
4514;São Borja;61671.0;61671.0;59676.0;-1995.0
4515;São Braz do Piauí;4313.0;4313.0;4358.0;45.0
4516;São Brás;6718.0;6718.0;6555.0;-163.0
4517;São Brás do Suaçuí;3513.0;3513.0;3989.0;476.0
4518;São Caetano de Odivelas;16891.0;16891.0;16666.0;-225.0
4519;São Caetano do Sul;149263.0;149263.0;165655.0;16392.0
4520;São Caitano;35274.0;35274.0;37126.0;1852.0
4521;São Carlos;232241.0;232241.0;265139.0;32898.0
4522;São Carlos do Ivaí;6354.0;6354.0;6587.0;233.0
4523;São Cristóvão;78864.0;78864.0;95612.0;16748.0
4524;São Cristóvão do Sul;5012.0;5012.0;6084.0;1072.0
4525;São Desidério;27659.0;27976.0;32828.0;5169.0
4526;São Domingos;43115.0;42546.0;40285.0;-2830.0
4527;São Domingos das Dores;5408.0;5408.0;5626.0;218.0
4528;São Domingos do Araguaia;23130.0;23130.0;21092.0;-2038.0
4529;São Domingos do Azeitão;6983.0;6983.0;7992.0;1009.0
4530;São Domingos do Capim;29846.0;29846.0;30599.0;753.0
4531;São Domingos do Cariri;2420.0;2441.0;2585.0;165.0
4532;São Domingos do Maranhão;33607.0;33607.0;34034.0;427.0
4533;São Domingos do Norte;8001.0;8001.0;8589.0;588.0
4534;São Domingos do Prata;17357.0;17357.0;17392.0;35.0
4535;São Domingos do Sul;2926.0;2926.0;2754.0;-172.0
4536;São Felipe;20305.0;20601.0;20283.0;-22.0
4537;São Felipe D'Oeste;6018.0;6018.0;5258.0;-760.0
4538;São Fernando;3401.0;3401.0;3492.0;91.0
4539;São Fidélis;37543.0;37543.0;38961.0;1418.0
4540;São Francisco;63378.0;63139.0;61744.0;-1634.0
4541;São Francisco de Assis;19254.0;19254.0;17618.0;-1636.0
4542;São Francisco de Assis do Piauí;5567.0;5402.0;5572.0;5.0
4543;São Francisco de Goiás;6120.0;6114.0;6378.0;258.0
4544;São Francisco de Itabapoana;41354.0;41354.0;45059.0;3705.0
4545;São Francisco de Paula;27020.0;27034.0;28080.0;1060.0
4546;São Francisco de Sales;5776.0;5776.0;5732.0;-44.0
4547;São Francisco do Brejão;10261.0;10261.0;9051.0;-1210.0
4548;São Francisco do Conde;33183.0;34707.0;38733.0;5550.0
4549;São Francisco do Glória;5178.0;5178.0;4800.0;-378.0
4550;São Francisco do Guaporé;16035.0;16035.0;16286.0;251.0
4551;São Francisco do Maranhão;12146.0;11883.0;12064.0;-82.0
4552;São Francisco do Oeste;3874.0;3874.0;4161.0;287.0
4553;São Francisco do Pará;15060.0;15060.0;14894.0;-166.0
4554;São Francisco do Piauí;6298.0;6298.0;5392.0;-906.0
4555;São Francisco do Sul;42520.0;42520.0;52674.0;10154.0
4556;São Félix;14098.0;14230.0;11026.0;-3072.0
4557;São Félix de Balsas;4702.0;4702.0;4402.0;-300.0
4558;São Félix de Minas;3382.0;3382.0;3200.0;-182.0
4559;São Félix do Araguaia;10625.0;10655.0;13621.0;2996.0
4560;São Félix do Coribe;13048.0;14326.0;15194.0;2146.0
4561;São Félix do Piauí;3069.0;2972.0;2842.0;-227.0
4562;São Félix do Tocantins;1437.0;1437.0;1783.0;346.0
4563;São Félix do Xingu;91340.0;91340.0;65418.0;-25922.0
4564;São Gabriel;78852.0;78888.0;77087.0;-1765.0
4565;São Gabriel da Cachoeira;37896.0;37896.0;51795.0;13899.0
4566;São Gabriel da Palha;31859.0;31859.0;32252.0;393.0
4567;São Gabriel do Oeste;22203.0;22162.0;29579.0;7376.0
4568;São Geraldo;10263.0;10263.0;10282.0;19.0
4569;São Geraldo da Piedade;4389.0;4389.0;3305.0;-1084.0
4570;São Geraldo do Araguaia;25587.0;25587.0;24255.0;-1332.0
4571;São Geraldo do Baixio;3486.0;3486.0;3143.0;-343.0
4572;São Gonçalo;999728.0;999728.0;896744.0;-102984.0
4573;São Gonçalo do Abaeté;6264.0;7562.0;7375.0;1111.0
4574;São Gonçalo do Amarante;131558.0;131355.0;169981.0;38423.0
4575;São Gonçalo do Gurguéia;2825.0;2825.0;2947.0;122.0
4576;São Gonçalo do Pará;10398.0;10398.0;11770.0;1372.0
4577;São Gonçalo do Piauí;4754.0;4754.0;4837.0;83.0
4578;São Gonçalo do Rio Abaixo;9777.0;9777.0;11850.0;2073.0
4579;São Gonçalo do Rio Preto;3056.0;3056.0;3032.0;-24.0
4580;São Gonçalo do Sapucaí;23906.0;23906.0;23959.0;53.0
4581;São Gonçalo dos Campos;33283.0;32990.0;39513.0;6230.0
4582;São Gotardo;31819.0;31819.0;40910.0;9091.0
4583;São Jerônimo;22134.0;22134.0;21028.0;-1106.0
4584;São Jerônimo da Serra;11337.0;11337.0;10830.0;-507.0
4585;São Joaquim;24812.0;24812.0;25939.0;1127.0
4586;São Joaquim da Barra;46512.0;46512.0;48558.0;2046.0
4587;São Joaquim de Bicas;25537.0;25537.0;34348.0;8811.0
4588;São Joaquim do Monte;20488.0;20488.0;20037.0;-451.0
4589;São Jorge;2774.0;2848.0;2912.0;138.0
4590;São Jorge d'Oeste;9085.0;9085.0;9378.0;293.0
4591;São Jorge do Ivaí;5517.0;5517.0;5168.0;-349.0
4592;São Jorge do Patrocínio;6041.0;6041.0;6504.0;463.0
4593;São José;209804.0;209804.0;270299.0;60495.0
4594;São José da Barra;6778.0;6778.0;7793.0;1015.0
4595;São José da Bela Vista;8406.0;8406.0;7626.0;-780.0
4596;São José da Boa Vista;6511.0;6511.0;6040.0;-471.0
4597;São José da Coroa Grande;18180.0;18180.0;18825.0;645.0
4598;São José da Lagoa Tapada;7564.0;7520.0;7126.0;-438.0
4599;São José da Laje;22686.0;22686.0;20813.0;-1873.0
4600;São José da Lapa;19799.0;19799.0;26090.0;6291.0
4601;São José da Safira;4075.0;4075.0;3806.0;-269.0
4602;São José da Tapera;30088.0;30009.0;30604.0;516.0
4603;São José da Varginha;4198.0;4198.0;4536.0;338.0
4604;São José da Vitória;5715.0;6024.0;5315.0;-400.0
4605;São José das Missões;2720.0;2720.0;2362.0;-358.0
4606;São José das Palmeiras;3830.0;3830.0;3957.0;127.0
4607;São José de Caiana;6010.0;6094.0;5034.0;-976.0
4608;São José de Espinharas;4760.0;4800.0;4083.0;-677.0
4609;São José de Mipibu;39776.0;39698.0;47286.0;7510.0
4610;São José de Piranhas;19096.0;19209.0;19067.0;-29.0
4611;São José de Princesa;4219.0;4364.0;3416.0;-803.0
4612;São José de Ribamar;163045.0;161937.0;244579.0;81534.0
4613;São José de Ubá;7003.0;6702.0;7070.0;67.0
4614;São José do Alegre;3996.0;3996.0;4133.0;137.0
4615;São José do Barreiro;4077.0;4077.0;3853.0;-224.0
4616;São José do Belmonte;32617.0;32617.0;34843.0;2226.0
4617;São José do Bonfim;3233.0;3233.0;3242.0;9.0
4618;São José do Brejo do Cruz;1684.0;1684.0;1699.0;15.0
4619;São José do Calçado;10408.0;10408.0;10878.0;470.0
4620;São José do Campestre;12356.0;12356.0;11121.0;-1235.0
4621;São José do Cedro;13684.0;13684.0;14167.0;483.0
4622;São José do Cerrito;9273.0;9273.0;8708.0;-565.0
4623;São José do Divino;8982.0;8982.0;8305.0;-677.0
4624;São José do Egito;31829.0;31582.0;31004.0;-825.0
4625;São José do Goiabal;5636.0;5636.0;5396.0;-240.0
4626;São José do Herval;2204.0;2204.0;1902.0;-302.0
4627;São José do Hortêncio;4094.0;4094.0;4447.0;353.0
4628;São José do Inhacorá;2200.0;2200.0;2406.0;206.0
4629;São José do Jacuri;6553.0;6553.0;6197.0;-356.0
4630;São José do Jacuípe;10180.0;9830.0;10187.0;7.0
4631;São José do Mantimento;2592.0;2592.0;2753.0;161.0
4632;São José do Norte;25503.0;25503.0;25443.0;-60.0
4633;São José do Ouro;6904.0;6904.0;6834.0;-70.0
4634;São José do Peixe;3700.0;3700.0;3297.0;-403.0
4635;São José do Piauí;6591.0;6591.0;6597.0;6.0
4636;São José do Povo;3592.0;3561.0;2875.0;-717.0
4637;São José do Rio Claro;17124.0;17124.0;14911.0;-2213.0
4638;São José do Rio Pardo;51900.0;51900.0;52205.0;305.0
4639;São José do Rio Preto;408258.0;408258.0;480393.0;72135.0
4640;São José do Sabugi;4010.0;4010.0;4138.0;128.0
4641;São José do Seridó;4231.0;4231.0;4558.0;327.0
4642;São José do Sul;2082.0;2058.0;2380.0;298.0
4643;São José do Vale do Rio Preto;20251.0;20251.0;22080.0;1829.0
4644;São José do Xingu;5240.0;5240.0;5964.0;724.0
4645;São José dos Ausentes;3290.0;3290.0;4172.0;882.0
4646;São José dos Basílios;7496.0;7496.0;6957.0;-539.0
4647;São José dos Campos;629921.0;629921.0;697054.0;67133.0
4648;São José dos Cordeiros;3985.0;3646.0;3411.0;-574.0
4649;São José dos Pinhais;264210.0;264210.0;329628.0;65418.0
4650;São José dos Quatro Marcos;18998.0;18998.0;17849.0;-1149.0
4651;São José dos Ramos;5508.0;5508.0;5891.0;383.0
4652;São João;31911.0;31911.0;35723.0;3812.0
4653;São João Batista;46180.0;46180.0;51231.0;5051.0
4654;São João Batista do Glória;6887.0;6887.0;7652.0;765.0
4655;São João Evangelista;15553.0;15553.0;15315.0;-238.0
4656;São João Nepomuceno;25057.0;25057.0;25565.0;508.0
4657;São João d'Aliança;10257.0;10257.0;14041.0;3784.0
4658;São João da Baliza;6769.0;6769.0;8858.0;2089.0
4659;São João da Barra;32747.0;32412.0;36573.0;3826.0
4660;São João da Boa Vista;83639.0;83639.0;92547.0;8908.0
4661;São João da Canabrava;4445.0;4445.0;4242.0;-203.0
4662;São João da Fronteira;5608.0;5691.0;5522.0;-86.0
4663;São João da Lagoa;4656.0;4656.0;4822.0;166.0
4664;São João da Mata;2731.0;2731.0;2914.0;183.0
4665;São João da Paraúna;1689.0;1688.0;1774.0;85.0
4666;São João da Ponta;5265.0;5265.0;4430.0;-835.0
4667;São João da Ponte;25358.0;25358.0;23930.0;-1428.0
4668;São João da Serra;6157.0;6157.0;6114.0;-43.0
4669;São João da Urtiga;4726.0;4726.0;4461.0;-265.0
4670;São João da Varjota;4651.0;4651.0;4383.0;-268.0
4671;São João das Duas Pontes;2566.0;2566.0;2580.0;14.0
4672;São João das Missões;11715.0;11715.0;13024.0;1309.0
4673;São João de Iracema;1780.0;1780.0;1846.0;66.0
4674;São João de Meriti;458673.0;458673.0;440962.0;-17711.0
4675;São João de Pirabas;20647.0;20647.0;20689.0;42.0
4676;São João del Rei;84469.0;84469.0;90225.0;5756.0
4677;São João do Araguaia;13155.0;13155.0;13664.0;509.0
4678;São João do Arraial;7336.0;7336.0;8186.0;850.0
4679;São João do Caiuá;5911.0;5911.0;5586.0;-325.0
4680;São João do Cariri;4344.0;4239.0;4226.0;-118.0
4681;São João do Carú;12309.0;15668.0;12251.0;-58.0
4682;São João do Itaperiú;3435.0;3435.0;4463.0;1028.0
4683;São João do Ivaí;11525.0;11525.0;10667.0;-858.0
4684;São João do Jaguaribe;7900.0;7900.0;5855.0;-2045.0
4685;São João do Manhuaçu;10245.0;10245.0;11246.0;1001.0
4686;São João do Manteninha;5188.0;5188.0;5331.0;143.0
4687;São João do Oeste;6036.0;6080.0;6295.0;259.0
4688;São João do Oriente;7874.0;7874.0;7070.0;-804.0
4689;São João do Pacuí;4060.0;4060.0;3972.0;-88.0
4690;São João do Paraíso;33133.0;33133.0;33814.0;681.0
4691;São João do Pau d'Alho;2103.0;2103.0;2242.0;139.0
4692;São João do Piauí;19548.0;19548.0;21421.0;1873.0
4693;São João do Polêsine;2635.0;2588.0;2649.0;14.0
4694;São João do Rio do Peixe;18201.0;17746.0;17964.0;-237.0
4695;São João do Sabugi;5922.0;5922.0;5956.0;34.0
4696;São João do Soter;17238.0;17238.0;16889.0;-349.0
4697;São João do Sul;7002.0;7018.0;8668.0;1666.0
4698;São João do Tigre;4396.0;4396.0;4263.0;-133.0
4699;São João do Triunfo;13704.0;13704.0;13726.0;22.0
4700;São João dos Patos;24928.0;24793.0;25020.0;92.0
4701;São Julião;5675.0;6132.0;6025.0;350.0
4702;São Leopoldo;214087.0;214087.0;217409.0;3322.0
4703;São Lourenço;41657.0;41657.0;44798.0;3141.0
4704;São Lourenço da Mata;102895.0;102889.0;111249.0;8354.0
4705;São Lourenço da Serra;13973.0;13973.0;16067.0;2094.0
4706;São Lourenço do Oeste;21792.0;21725.0;24791.0;2999.0
4707;São Lourenço do Piauí;4427.0;4427.0;4410.0;-17.0
4708;São Lourenço do Sul;43111.0;43111.0;41989.0;-1122.0
4709;São Ludgero;10993.0;10998.0;13509.0;2516.0
4710;São Luis do Piauí;2561.0;2564.0;2309.0;-252.0
4711;São Luiz;6750.0;6750.0;7315.0;565.0
4712;São Luiz Gonzaga;34556.0;34540.0;34752.0;196.0
4713;São Luiz do Norte;4617.0;4617.0;4837.0;220.0
4714;São Luiz do Paraitinga;10397.0;10397.0;10337.0;-60.0
4715;São Luís;1014837.0;1015329.0;1037775.0;22938.0
4716;São Luís Gonzaga do Maranhão;20153.0;19645.0;17818.0;-2335.0
4717;São Luís de Montes Belos;30034.0;30033.0;33852.0;3818.0
4718;São Luís do Curu;12332.0;12347.0;10822.0;-1510.0
4719;São Luís do Quitunde;32412.0;32412.0;30873.0;-1539.0
4720;São Mamede;7748.0;7748.0;7470.0;-278.0
4721;São Manoel do Paraná;2098.0;2098.0;2138.0;40.0
4722;São Manuel;38342.0;38342.0;37289.0;-1053.0
4723;São Marcos;20103.0;20103.0;21084.0;981.0
4724;São Martinho;8982.0;8982.0;8886.0;-96.0
4725;São Martinho da Serra;3201.0;3201.0;2860.0;-341.0
4726;São Mateus;109028.0;109193.0;123752.0;14724.0
4727;São Mateus do Maranhão;39093.0;38985.0;38829.0;-264.0
4728;São Mateus do Sul;41257.0;41257.0;42366.0;1109.0
4729;São Miguel;22157.0;21693.0;23537.0;1380.0
4730;São Miguel Arcanjo;31450.0;31450.0;32039.0;589.0
4731;São Miguel da Baixa Grande;2110.0;2373.0;2269.0;159.0
4732;São Miguel da Boa Vista;1904.0;1909.0;1781.0;-123.0
4733;São Miguel das Matas;10414.0;11155.0;10334.0;-80.0
4734;São Miguel das Missões;7421.0;7421.0;7056.0;-365.0
4735;São Miguel de Taipu;6696.0;6881.0;7066.0;370.0
4736;São Miguel do Aleixo;3698.0;3698.0;3434.0;-264.0
4737;São Miguel do Anta;6760.0;6760.0;6334.0;-426.0
4738;São Miguel do Araguaia;22283.0;22283.0;21900.0;-383.0
4739;São Miguel do Fidalgo;2976.0;2976.0;2829.0;-147.0
4740;São Miguel do Gostoso;8670.0;9287.0;10221.0;1551.0
4741;São Miguel do Guamá;51567.0;51567.0;52894.0;1327.0
4742;São Miguel do Guaporé;21828.0;21828.0;21635.0;-193.0
4743;São Miguel do Iguaçu;25769.0;25769.0;29122.0;3353.0
4744;São Miguel do Oeste;36306.0;36306.0;44330.0;8024.0
4745;São Miguel do Passa Quatro;3757.0;3757.0;4464.0;707.0
4746;São Miguel do Tapuio;18134.0;17463.0;17554.0;-580.0
4747;São Miguel do Tocantins;10481.0;10497.0;13241.0;2760.0
4748;São Miguel dos Campos;54577.0;54502.0;51990.0;-2587.0
4749;São Miguel dos Milagres;7163.0;7163.0;8482.0;1319.0
4750;São Nicolau;5727.0;5727.0;5118.0;-609.0
4751;São Patrício;1991.0;1993.0;2143.0;152.0
4752;São Paulo;11253503.0;11253503.0;11451999.0;198496.0
4753;São Paulo das Missões;6364.0;6364.0;5846.0;-518.0
4754;São Paulo de Olivença;31422.0;31422.0;32967.0;1545.0
4755;São Paulo do Potengi;15843.0;15843.0;16786.0;943.0
4756;São Pedro;37897.0;37897.0;44032.0;6135.0
4757;São Pedro da Aldeia;87875.0;87820.0;104029.0;16154.0
4758;São Pedro da Cipa;4158.0;4151.0;4191.0;33.0
4759;São Pedro da Serra;3315.0;3316.0;3548.0;233.0
4760;São Pedro da União;5040.0;5040.0;4885.0;-155.0
4761;São Pedro da Água Branca;12028.0;12028.0;14338.0;2310.0
4762;São Pedro das Missões;1886.0;1886.0;1757.0;-129.0
4763;São Pedro de Alcântara;4704.0;4704.0;5776.0;1072.0
4764;São Pedro do Butiá;2873.0;2873.0;3070.0;197.0
4765;São Pedro do Iguaçu;6491.0;6491.0;5784.0;-707.0
4766;São Pedro do Ivaí;10167.0;10167.0;8690.0;-1477.0
4767;São Pedro do Paraná;2491.0;2491.0;2661.0;170.0
4768;São Pedro do Piauí;13639.0;13639.0;13755.0;116.0
4769;São Pedro do Suaçuí;5570.0;5570.0;5103.0;-467.0
4770;São Pedro do Sul;16368.0;16368.0;15577.0;-791.0
4771;São Pedro do Turvo;7198.0;7198.0;7217.0;19.0
4772;São Pedro dos Crentes;4425.0;4425.0;5783.0;1358.0
4773;São Pedro dos Ferros;8356.0;8356.0;7166.0;-1190.0
4774;São Rafael;8111.0;8111.0;7711.0;-400.0
4775;São Raimundo Nonato;32327.0;32327.0;38934.0;6607.0
4776;São Raimundo das Mangabeiras;17474.0;17474.0;18672.0;1198.0
4777;São Raimundo do Doca Bezerra;6090.0;6090.0;5650.0;-440.0
4778;São Roberto;5957.0;5957.0;4544.0;-1413.0
4779;São Romão;10276.0;10276.0;10315.0;39.0
4780;São Roque;78821.0;78821.0;79484.0;663.0
4781;São Roque de Minas;6686.0;6686.0;7129.0;443.0
4782;São Roque do Canaã;11273.0;11273.0;10886.0;-387.0
4783;São Salvador do Tocantins;2910.0;2910.0;2385.0;-525.0
4784;São Sebastião;105952.0;105952.0;113381.0;7429.0
4785;São Sebastião da Amoreira;8626.0;8626.0;8063.0;-563.0
4786;São Sebastião da Bela Vista;4948.0;4948.0;6387.0;1439.0
4787;São Sebastião da Boa Vista;22904.0;22904.0;25643.0;2739.0
4788;São Sebastião da Grama;12099.0;12099.0;10441.0;-1658.0
4789;São Sebastião da Vargem Alegre;2798.0;2798.0;3113.0;315.0
4790;São Sebastião de Lagoa de Roça;11041.0;10893.0;11040.0;-1.0
4791;São Sebastião do Alto;8895.0;8895.0;7750.0;-1145.0
4792;São Sebastião do Anta;5739.0;5739.0;6194.0;455.0
4793;São Sebastião do Caí;21932.0;23134.0;24428.0;2496.0
4794;São Sebastião do Maranhão;10647.0;10647.0;10079.0;-568.0
4795;São Sebastião do Oeste;5805.0;5805.0;8815.0;3010.0
4796;São Sebastião do Paraíso;64980.0;64980.0;71796.0;6816.0
4797;São Sebastião do Passé;42153.0;42153.0;40958.0;-1195.0
4798;São Sebastião do Rio Preto;1613.0;1613.0;1259.0;-354.0
4799;São Sebastião do Rio Verde;2110.0;2110.0;2300.0;190.0
4800;São Sebastião do Tocantins;4283.0;4283.0;4100.0;-183.0
4801;São Sebastião do Uatumã;10705.0;10705.0;11670.0;965.0
4802;São Sebastião do Umbuzeiro;3235.0;3235.0;3279.0;44.0
4803;São Sepé;23798.0;23798.0;21219.0;-2579.0
4804;São Simão;31434.0;31434.0;30462.0;-972.0
4805;São Tiago;10561.0;10561.0;11192.0;631.0
4806;São Tomás de Aquino;7093.0;7093.0;6740.0;-353.0
4807;São Tomé;16176.0;16176.0;15204.0;-972.0
4808;São Tomé das Letras;6655.0;6655.0;6904.0;249.0
4809;São Valentim;3632.0;3632.0;3264.0;-368.0
4810;São Valentim do Sul;2168.0;2168.0;2207.0;39.0
4811;São Valério;4383.0;4383.0;4422.0;39.0
4812;São Valério do Sul;2647.0;2647.0;2543.0;-104.0
4813;São Vendelino;1944.0;1975.0;2251.0;307.0
4814;São Vicente;338473.0;338473.0;336221.0;-2252.0
4815;São Vicente Ferrer;20863.0;20863.0;19498.0;-1365.0
4816;São Vicente Férrer;17000.0;16969.0;16677.0;-323.0
4817;São Vicente de Minas;7008.0;7008.0;6804.0;-204.0
4818;São Vicente do Seridó;10230.0;9966.0;10291.0;61.0
4819;São Vicente do Sul;8440.0;8440.0;8097.0;-343.0
4820;Sério;2281.0;2279.0;1941.0;-340.0
4821;Sítio Novo;22022.0;22022.0;21728.0;-294.0
4822;Sítio Novo do Tocantins;9148.0;9132.0;10830.0;1682.0
4823;Sítio d'Abadia;2825.0;2843.0;2927.0;102.0
4824;Sítio do Mato;12050.0;12300.0;13408.0;1358.0
4825;Sítio do Quinto;12592.0;12553.0;14773.0;2181.0
4826;Tabaporã;9932.0;9942.0;9818.0;-114.0
4827;Tabapuã;11363.0;11363.0;11323.0;-40.0
4828;Tabatinga;66958.0;66958.0;81533.0;14575.0
4829;Tabaí;4131.0;4131.0;4461.0;330.0
4830;Tabira;26427.0;26436.0;27681.0;1254.0
4831;Tabocas do Brejo Velho;11431.0;12271.0;11979.0;548.0
4832;Tabocão;2419.0;2419.0;3455.0;1036.0
4833;Taboleiro Grande;2317.0;2317.0;2338.0;21.0
4834;Taboão da Serra;244528.0;244528.0;273542.0;29014.0
4835;Tabuleiro;4079.0;4079.0;4014.0;-65.0
4836;Tabuleiro do Norte;29204.0;30209.0;30652.0;1448.0
4837;Tacaimbó;12725.0;12725.0;13738.0;1013.0
4838;Tacaratu;22068.0;22068.0;23902.0;1834.0
4839;Taciba;5714.0;5714.0;6260.0;546.0
4840;Tacima;10262.0;10229.0;8010.0;-2252.0
4841;Tacuru;10215.0;10215.0;10808.0;593.0
4842;Taguatinga;15051.0;15051.0;14011.0;-1040.0
4843;Taguaí;10828.0;10828.0;12669.0;1841.0
4844;Taiaçu;5894.0;5894.0;5677.0;-217.0
4845;Tailândia;79297.0;79297.0;72493.0;-6804.0
4846;Taiobeiras;30917.0;30970.0;33050.0;2133.0
4847;Taipas do Tocantins;1945.0;1945.0;2021.0;76.0
4848;Taipu;11836.0;11836.0;11422.0;-414.0
4849;Taió;17260.0;17260.0;18310.0;1050.0
4850;Taiúva;5447.0;5447.0;6548.0;1101.0
4851;Talismã;2562.0;2562.0;2456.0;-106.0
4852;Tamandaré;20715.0;20715.0;23561.0;2846.0
4853;Tamarana;12262.0;12262.0;10707.0;-1555.0
4854;Tambaú;22406.0;22406.0;21435.0;-971.0
4855;Tamboara;4664.0;4664.0;4880.0;216.0
4856;Tamboril;25451.0;25974.0;24815.0;-636.0
4857;Tamboril do Piauí;2753.0;2753.0;2949.0;196.0
4858;Tanabi;24055.0;24055.0;25265.0;1210.0
4859;Tangará;22849.0;22681.0;21424.0;-1425.0
4860;Tangará da Serra;83431.0;84093.0;106434.0;23003.0
4861;Tanguá;30732.0;30848.0;31086.0;354.0
4862;Tanhaçu;20013.0;20105.0;21006.0;993.0
4863;Tanque Novo;16128.0;16261.0;17158.0;1030.0
4864;Tanque d'Arca;6122.0;6249.0;5796.0;-326.0
4865;Tanque do Piauí;2620.0;2620.0;2316.0;-304.0
4866;Tanquinho;8008.0;7669.0;7717.0;-291.0
4867;Taparuba;3137.0;3137.0;3387.0;250.0
4868;Tapauá;19077.0;18120.0;19599.0;522.0
4869;Tapejara;33848.0;33848.0;40426.0;6578.0
4870;Tapera;10448.0;10448.0;10592.0;144.0
4871;Taperoá;33684.0;33471.0;32112.0;-1572.0
4872;Tapes;16629.0;16629.0;14695.0;-1934.0
4873;Tapira;9948.0;9948.0;9863.0;-85.0
4874;Tapiramutá;16516.0;17016.0;15818.0;-698.0
4875;Tapiratiba;12737.0;12737.0;11816.0;-921.0
4876;Tapiraí;9885.0;9885.0;9686.0;-199.0
4877;Tapurah;10392.0;10377.0;14370.0;3978.0
4878;Taquara;54643.0;54590.0;53242.0;-1401.0
4879;Taquaral;2726.0;2726.0;2619.0;-107.0
4880;Taquaral de Goiás;3541.0;3534.0;4026.0;485.0
4881;Taquarana;19020.0;18615.0;19032.0;12.0
4882;Taquaraçu de Minas;3794.0;3794.0;4224.0;430.0
4883;Taquari;26092.0;26092.0;25198.0;-894.0
4884;Taquaritinga;53988.0;53988.0;52260.0;-1728.0
4885;Taquaritinga do Norte;24903.0;24903.0;24736.0;-167.0
4886;Taquarituba;22291.0;22291.0;24350.0;2059.0
4887;Taquarivaí;5151.0;5151.0;6876.0;1725.0
4888;Taquarussu;3518.0;3522.0;3625.0;107.0
4889;Taquaruçu do Sul;2966.0;2966.0;3119.0;153.0
4890;Tarabai;6607.0;6607.0;6536.0;-71.0
4891;Tarauacá;35590.0;35590.0;43467.0;7877.0
4892;Tarrafas;8910.0;8597.0;7529.0;-1381.0
4893;Tartarugalzinho;12563.0;12563.0;12945.0;382.0
4894;Tarumirim;14293.0;14293.0;14709.0;416.0
4895;Tarumã;12885.0;12885.0;14882.0;1997.0
4896;Tasso Fragoso;7796.0;7796.0;8862.0;1066.0
4897;Tatuí;107326.0;107326.0;123942.0;16616.0
4898;Taubaté;278686.0;278686.0;310739.0;32053.0
4899;Tauá;55716.0;55849.0;61227.0;5511.0
4900;Tavares;19454.0;19527.0;19313.0;-141.0
4901;Tefé;61453.0;61453.0;73669.0;12216.0
4902;Teixeira;14153.0;14153.0;14631.0;478.0
4903;Teixeira Soares;10283.0;10283.0;9547.0;-736.0
4904;Teixeira de Freitas;138341.0;138341.0;145216.0;6875.0
4905;Teixeiras;11355.0;11355.0;12255.0;900.0
4906;Teixeirópolis;4888.0;4888.0;4256.0;-632.0
4907;Tejupá;4809.0;4809.0;4127.0;-682.0
4908;Tejuçuoca;16827.0;17136.0;17154.0;327.0
4909;Telha;2957.0;2957.0;3274.0;317.0
4910;Telêmaco Borba;69872.0;69872.0;75042.0;5170.0
4911;Tenente Ananias;9883.0;9883.0;10262.0;379.0
4912;Tenente Laurentino Cruz;5406.0;5177.0;5891.0;485.0
4913;Tenente Portela;13719.0;13719.0;14497.0;778.0
4914;Tenório;2813.0;2813.0;2966.0;153.0
4915;Teodoro Sampaio;29281.0;29300.0;29283.0;2.0
4916;Teofilândia;21482.0;21710.0;21176.0;-306.0
4917;Teolândia;14836.0;13881.0;15332.0;496.0
4918;Teotônio Vilela;41152.0;41152.0;38053.0;-3099.0
4919;Terenos;17146.0;17169.0;17652.0;506.0
4920;Teresina;814230.0;814230.0;866300.0;52070.0
4921;Teresina de Goiás;3016.0;3016.0;2701.0;-315.0
4922;Teresópolis;163746.0;163746.0;165123.0;1377.0
4923;Terezinha;6737.0;6737.0;6513.0;-224.0
4924;Terezópolis de Goiás;6561.0;6561.0;7944.0;1383.0
4925;Terra Alta;10262.0;10262.0;10400.0;138.0
4926;Terra Boa;15776.0;15776.0;17568.0;1792.0
4927;Terra Nova;22081.0;21707.0;19718.0;-2363.0
4928;Terra Nova do Norte;11291.0;11136.0;10616.0;-675.0
4929;Terra Rica;15221.0;15221.0;14842.0;-379.0
4930;Terra Roxa;25264.0;25264.0;26023.0;759.0
4931;Terra Santa;16949.0;16949.0;18782.0;1833.0
4932;Terra de Areia;9878.0;9793.0;10334.0;456.0
4933;Tesouro;3418.0;3472.0;3025.0;-393.0
4934;Teutônia;27272.0;27272.0;32797.0;5525.0
4935;Teófilo Otoni;134745.0;134745.0;137418.0;2673.0
4936;Theobroma;10649.0;10649.0;8113.0;-2536.0
4937;Tianguá;68892.0;69083.0;81506.0;12614.0
4938;Tibagi;19344.0;19403.0;19961.0;617.0
4939;Tibau;3687.0;3687.0;5382.0;1695.0
4940;Tibau do Sul;11385.0;11385.0;16929.0;5544.0
4941;Tietê;36835.0;36835.0;37663.0;828.0
4942;Tigrinhos;1757.0;1730.0;2329.0;572.0
4943;Tijucas;30960.0;30960.0;51592.0;20632.0
4944;Tijucas do Sul;14537.0;14537.0;17621.0;3084.0
4945;Timbaúba;53825.0;53825.0;46147.0;-7678.0
4946;Timbaúba dos Batistas;2295.0;2295.0;2348.0;53.0
4947;Timbiras;27997.0;27997.0;26484.0;-1513.0
4948;Timburi;2646.0;2646.0;2464.0;-182.0
4949;Timbé do Sul;5308.0;5308.0;5386.0;78.0
4950;Timbó;36774.0;36774.0;46099.0;9325.0
4951;Timbó Grande;7167.0;7167.0;7342.0;175.0
4952;Timon;155460.0;155579.0;174465.0;19005.0
4953;Timóteo;81243.0;81243.0;81579.0;336.0
4954;Tio Hugo;2724.0;2724.0;3267.0;543.0
4955;Tiradentes;6961.0;6961.0;7744.0;783.0
4956;Tiradentes do Sul;6461.0;6461.0;5129.0;-1332.0
4957;Tiros;6906.0;6906.0;7883.0;977.0
4958;Tobias Barreto;48040.0;48040.0;50905.0;2865.0
4959;Tocantins;15823.0;15823.0;16185.0;362.0
4960;Tocantinópolis;22619.0;22619.0;22615.0;-4.0
4961;Tocantínia;6736.0;6736.0;7459.0;723.0
4962;Tocos do Moji;3950.0;3950.0;3826.0;-124.0
4963;Toledo;125077.0;125077.0;157684.0;32607.0
4964;Tomar do Geru;12855.0;13287.0;12012.0;-843.0
4965;Tomazina;8791.0;8791.0;8426.0;-365.0
4966;Tombos;9537.0;9537.0;8609.0;-928.0
4967;Tomé-Açu;56518.0;56518.0;67585.0;11067.0
4968;Tonantins;17079.0;17079.0;19247.0;2168.0
4969;Toritama;35554.0;35554.0;41137.0;5583.0
4970;Torixoréu;4071.0;4071.0;4164.0;93.0
4971;Toropi;2952.0;2938.0;2554.0;-398.0
4972;Torre de Pedra;2254.0;2254.0;2046.0;-208.0
4973;Torres;34656.0;34656.0;41751.0;7095.0
4974;Torrinha;9330.0;9330.0;9335.0;5.0
4975;Touros;31089.0;30472.0;33035.0;1946.0
4976;Trabiju;1544.0;1544.0;1682.0;138.0
4977;Tracuateua;27455.0;27455.0;28595.0;1140.0
4978;Tracunhaém;13055.0;13055.0;13867.0;812.0
4979;Traipu;25702.0;25992.0;23565.0;-2137.0
4980;Trairi;51422.0;51422.0;58415.0;6993.0
4981;Trairão;16875.0;16875.0;15242.0;-1633.0
4982;Trajano de Moraes;10289.0;10289.0;10302.0;13.0
4983;Tramandaí;41585.0;41585.0;54387.0;12802.0
4984;Travesseiro;2314.0;2314.0;2152.0;-162.0
4985;Tremedal;17029.0;18055.0;16296.0;-733.0
4986;Tremembé;40984.0;40984.0;51173.0;10189.0
4987;Treviso;3527.0;3527.0;3782.0;255.0
4988;Treze Tílias;6341.0;6341.0;8787.0;2446.0
4989;Treze de Maio;6876.0;6859.0;7362.0;486.0
4990;Trindade;130604.0;131638.0;172752.0;42148.0
4991;Trindade do Sul;5787.0;5787.0;7556.0;1769.0
4992;Triunfo;50019.0;50000.0;52095.0;2076.0
4993;Triunfo Potiguar;3368.0;3368.0;3376.0;8.0
4994;Trizidela do Vale;18953.0;20529.0;22484.0;3531.0
4995;Trombas;3452.0;3452.0;3120.0;-332.0
4996;Trombudo Central;6553.0;6567.0;7274.0;721.0
4997;Três Arroios;2855.0;2855.0;2591.0;-264.0
4998;Três Barras;18129.0;18129.0;19746.0;1617.0
4999;Três Barras do Paraná;11824.0;11824.0;11135.0;-689.0
5000;Três Cachoeiras;10217.0;10217.0;10962.0;745.0
5001;Três Corações;72765.0;72765.0;75485.0;2720.0
5002;Três Coroas;23848.0;23812.0;24425.0;577.0
5003;Três Forquilhas;2914.0;2914.0;2760.0;-154.0
5004;Três Fronteiras;5427.0;5427.0;6804.0;1377.0
5005;Três Lagoas;101791.0;101786.0;132152.0;30361.0
5006;Três Marias;28318.0;28318.0;28895.0;577.0
5007;Três Palmeiras;4381.0;4381.0;4716.0;335.0
5008;Três Passos;23965.0;23965.0;25436.0;1471.0
5009;Três Pontas;53860.0;53860.0;55255.0;1395.0
5010;Três Ranchos;2819.0;2822.0;2921.0;102.0
5011;Três Rios;77432.0;77075.0;78346.0;914.0
5012;Três de Maio;23726.0;23726.0;24916.0;1190.0
5013;Tubarão;97235.0;97249.0;110088.0;12853.0
5014;Tucano;52418.0;48589.0;48736.0;-3682.0
5015;Tucumã;33690.0;33690.0;39550.0;5860.0
5016;Tucunduva;5898.0;5898.0;5542.0;-356.0
5017;Tucuruí;97128.0;97128.0;91306.0;-5822.0
5018;Tufilândia;5596.0;5596.0;5507.0;-89.0
5019;Tuiuti;5930.0;5930.0;6778.0;848.0
5020;Tumiritinga;6293.0;6293.0;5886.0;-407.0
5021;Tunas;4395.0;4395.0;3681.0;-714.0
5022;Tunas do Paraná;6256.0;6256.0;6219.0;-37.0
5023;Tuneiras do Oeste;8695.0;8695.0;8067.0;-628.0
5024;Tuntum;39183.0;39111.0;36251.0;-2932.0
5025;Tunápolis;4633.0;4633.0;4916.0;283.0
5026;Tupaciguara;24188.0;24188.0;25470.0;1282.0
5027;Tupanatinga;24425.0;24425.0;26937.0;2512.0
5028;Tupanci do Sul;1573.0;1573.0;1374.0;-199.0
5029;Tupanciretã;22281.0;22281.0;20005.0;-2276.0
5030;Tupandi;3924.0;3924.0;5029.0;1105.0
5031;Tuparendi;8557.0;8557.0;8363.0;-194.0
5032;Tuparetama;7925.0;7966.0;8005.0;80.0
5033;Tupi Paulista;14269.0;14269.0;15854.0;1585.0
5034;Tupirama;1574.0;1574.0;1909.0;335.0
5035;Tupiratins;2097.0;2097.0;1874.0;-223.0
5036;Tupã;63476.0;63476.0;63928.0;452.0
5037;Tupãssi;7997.0;7985.0;8077.0;80.0
5038;Turiaçu;33933.0;33933.0;37491.0;3558.0
5039;Turilândia;22846.0;22846.0;31638.0;8792.0
5040;Turiúba;1930.0;1930.0;1818.0;-112.0
5041;Turmalina;20033.0;20033.0;21669.0;1636.0
5042;Tururu;14408.0;14495.0;15412.0;1004.0
5043;Turuçu;3522.0;3522.0;3419.0;-103.0
5044;Turvelândia;4399.0;4399.0;4985.0;586.0
5045;Turvo;25665.0;25929.0;27274.0;1609.0
5046;Turvolândia;4658.0;4658.0;4935.0;277.0
5047;Turvânia;4839.0;4835.0;4480.0;-359.0
5048;Tutóia;52788.0;52788.0;53356.0;568.0
5049;Uarini;11891.0;11891.0;14431.0;2540.0
5050;Uauá;24294.0;24985.0;24665.0;371.0
5051;Ubaitaba;20691.0;20711.0;17596.0;-3095.0
5052;Ubajara;31787.0;31787.0;32767.0;980.0
5053;Ubaporanga;12040.0;12040.0;13017.0;977.0
5054;Ubarana;5289.0;5289.0;5365.0;76.0
5055;Ubatuba;78801.0;78801.0;92981.0;14180.0
5056;Ubatã;25004.0;24272.0;16094.0;-8910.0
5057;Ubaí;11681.0;11681.0;11708.0;27.0
5058;Ubaíra;19750.0;19664.0;18626.0;-1124.0
5059;Uberaba;295988.0;295988.0;337836.0;41848.0
5060;Uberlândia;604013.0;604013.0;713224.0;109211.0
5061;Ubirajara;4427.0;4427.0;5132.0;705.0
5062;Ubiratã;21558.0;21558.0;24749.0;3191.0
5063;Ubiretama;2296.0;2296.0;1994.0;-302.0
5064;Ubá;101519.0;101519.0;103365.0;1846.0
5065;Uchoa;9471.0;9471.0;10394.0;923.0
5066;Uibaí;13625.0;13578.0;13432.0;-193.0
5067;Uiramutã;8375.0;8375.0;13751.0;5376.0
5068;Uirapuru;2933.0;2936.0;2798.0;-135.0
5069;Uiraúna;14584.0;14472.0;14930.0;346.0
5070;Ulianópolis;43341.0;43341.0;37972.0;-5369.0
5071;Umari;7545.0;7545.0;6871.0;-674.0
5072;Umarizal;10659.0;10659.0;10078.0;-581.0
5073;Umbaúba;22434.0;22434.0;23917.0;1483.0
5074;Umburanas;17000.0;17089.0;13642.0;-3358.0
5075;Umburatiba;2705.0;2705.0;2684.0;-21.0
5076;Umbuzeiro;9298.0;9682.0;9124.0;-174.0
5077;Umirim;18802.0;18741.0;17470.0;-1332.0
5078;Umuarama;100676.0;100670.0;117095.0;16419.0
5079;Una;24110.0;23089.0;18131.0;-5979.0
5080;Unaí;77565.0;77557.0;86619.0;9054.0
5081;Uniflor;2466.0;2466.0;2136.0;-330.0
5082;Unistalda;2450.0;2450.0;1995.0;-455.0
5083;União;42654.0;42654.0;46119.0;3465.0
5084;União Paulista;1599.0;1599.0;1603.0;4.0
5085;União da Serra;1487.0;1487.0;1170.0;-317.0
5086;União da Vitória;52735.0;52735.0;55033.0;2298.0
5087;União de Minas;4418.0;4418.0;3828.0;-590.0
5088;União do Oeste;2910.0;2892.0;2774.0;-136.0
5089;União do Sul;3760.0;3760.0;3838.0;78.0
5090;União dos Palmares;62358.0;62326.0;59280.0;-3078.0
5091;Upanema;12992.0;12992.0;13577.0;585.0
5092;Urandi;16466.0;16260.0;15355.0;-1111.0
5093;Uraí;11472.0;11472.0;10406.0;-1066.0
5094;Urbano Santos;24573.0;29386.0;32812.0;8239.0
5095;Uru;1251.0;1251.0;1387.0;136.0
5096;Uruana;13826.0;13826.0;13729.0;-97.0
5097;Uruana de Minas;3235.0;3243.0;3282.0;47.0
5098;Uruará;44789.0;44789.0;43558.0;-1231.0
5099;Uruaçu;36929.0;36937.0;42546.0;5617.0
5100;Urubici;10699.0;10699.0;10834.0;135.0
5101;Uruburetama;19765.0;19703.0;20189.0;424.0
5102;Urucará;17094.0;17094.0;18631.0;1537.0
5103;Urucuia;13604.0;13604.0;17479.0;3875.0
5104;Urucurituba;17837.0;17837.0;23945.0;6108.0
5105;Urucânia;10291.0;10291.0;10600.0;309.0
5106;Uruguaiana;125435.0;125435.0;117210.0;-8225.0
5107;Uruoca;12883.0;12883.0;13746.0;863.0
5108;Urupema;2482.0;2482.0;2656.0;174.0
5109;Urupá;12974.0;12974.0;10725.0;-2249.0
5110;Urupês;12714.0;12714.0;13744.0;1030.0
5111;Urussanga;20223.0;20223.0;20919.0;696.0
5112;Urutaí;3074.0;3070.0;3553.0;479.0
5113;Uruçuca;19837.0;21140.0;21420.0;1583.0
5114;Uruçuí;20149.0;20149.0;25203.0;5054.0
5115;Urânia;8836.0;8836.0;8833.0;-3.0
5116;Utinga;18173.0;18049.0;16277.0;-1896.0
5117;Vacaria;61342.0;61342.0;64197.0;2855.0
5118;Vale Real;5118.0;5118.0;6058.0;940.0
5119;Vale Verde;3253.0;3253.0;3150.0;-103.0
5120;Vale de São Domingos;3052.0;3068.0;2904.0;-148.0
5121;Vale do Anari;9384.0;9384.0;7788.0;-1596.0
5122;Vale do Paraíso;8210.0;8210.0;6479.0;-1731.0
5123;Vale do Sol;11077.0;11077.0;9897.0;-1180.0
5124;Valente;24560.0;24730.0;24362.0;-198.0
5125;Valentim Gentil;11036.0;11036.0;14098.0;3062.0
5126;Valença;160516.0;159922.0;153743.0;-6773.0
5127;Valença do Piauí;20326.0;20326.0;22279.0;1953.0
5128;Valinhos;106793.0;106793.0;126373.0;19580.0
5129;Valparaíso;22576.0;22576.0;24241.0;1665.0
5130;Valparaíso de Goiás;132982.0;131105.0;198861.0;65879.0
5131;Vanini;1984.0;1984.0;2004.0;20.0
5132;Vargem;11609.0;11644.0;13139.0;1530.0
5133;Vargem Alegre;6461.0;6461.0;5780.0;-681.0
5134;Vargem Alta;19130.0;19188.0;19563.0;433.0
5135;Vargem Bonita;6956.0;6956.0;6734.0;-222.0
5136;Vargem Grande;49412.0;49412.0;43261.0;-6151.0
5137;Vargem Grande Paulista;42997.0;42997.0;50415.0;7418.0
5138;Vargem Grande do Rio Pardo;4733.0;4733.0;4633.0;-100.0
5139;Vargem Grande do Sul;39266.0;39266.0;40133.0;867.0
5140;Vargeão;3532.0;3532.0;3634.0;102.0
5141;Varginha;123081.0;123081.0;136467.0;13386.0
5142;Varjota;17593.0;17593.0;18105.0;512.0
5143;Varjão;3659.0;3659.0;3716.0;57.0
5144;Varjão de Minas;6054.0;5934.0;6969.0;915.0
5145;Varre-Sai;9475.0;9798.0;10207.0;732.0
5146;Varzedo;9109.0;9183.0;9913.0;804.0
5147;Varzelândia;19116.0;19116.0;18840.0;-276.0
5148;Vassouras;34410.0;34447.0;33976.0;-434.0
5149;Vazante;19723.0;19723.0;19975.0;252.0
5150;Venda Nova do Imigrante;20447.0;20447.0;23831.0;3384.0
5151;Venha-Ver;3821.0;3821.0;3014.0;-807.0
5152;Ventania;9957.0;9968.0;9681.0;-276.0
5153;Venturosa;16052.0;16433.0;17251.0;1199.0
5154;Venâncio Aires;65946.0;65953.0;68763.0;2817.0
5155;Vera;10235.0;10402.0;12800.0;2565.0
5156;Vera Cruz;83038.0;83038.0;90150.0;7112.0
5157;Vera Cruz do Oeste;8973.0;8973.0;8215.0;-758.0
5158;Vera Mendes;2986.0;2986.0;3185.0;199.0
5159;Veranópolis;22810.0;22810.0;24021.0;1211.0
5160;Verdejante;9142.0;9142.0;9169.0;27.0
5161;Verdelândia;8346.0;8346.0;7672.0;-674.0
5162;Vereda;6800.0;6576.0;6003.0;-797.0
5163;Veredinha;5549.0;5549.0;5181.0;-368.0
5164;Vermelho Novo;4689.0;4689.0;4899.0;210.0
5165;Vertente do Lério;7873.0;7873.0;7558.0;-315.0
5166;Vertentes;18222.0;18222.0;21959.0;3737.0
5167;Verê;7878.0;7878.0;7932.0;54.0
5168;Veríssimo;3483.0;3483.0;3411.0;-72.0
5169;Vespasiano;104527.0;104516.0;129246.0;24719.0
5170;Vespasiano Corrêa;1974.0;1974.0;1818.0;-156.0
5171;Viadutos;5311.0;5311.0;4769.0;-542.0
5172;Viamão;239384.0;239384.0;224112.0;-15272.0
5173;Viana;114497.0;114497.0;124865.0;10368.0
5174;Vianópolis;12548.0;12548.0;14956.0;2408.0
5175;Vicente Dutra;5285.0;5285.0;4665.0;-620.0
5176;Vicentina;5901.0;5929.0;6336.0;435.0
5177;Vicentinópolis;7371.0;7373.0;8768.0;1397.0
5178;Victor Graeff;3036.0;3036.0;2780.0;-256.0
5179;Vicência;30732.0;30732.0;26359.0;-4373.0
5180;Vidal Ramos;6290.0;6310.0;6189.0;-101.0
5181;Videira;47188.0;47228.0;55466.0;8278.0
5182;Vieiras;3731.0;3731.0;3700.0;-31.0
5183;Vieirópolis;5045.0;5045.0;4864.0;-181.0
5184;Vigia;47889.0;47889.0;50832.0;2943.0
5185;Vila Bela da Santíssima Trindade;14493.0;14493.0;16774.0;2281.0
5186;Vila Boa;4735.0;4735.0;4215.0;-520.0
5187;Vila Flor;2872.0;2872.0;3174.0;302.0
5188;Vila Flores;3207.0;3207.0;3646.0;439.0
5189;Vila Lângaro;2152.0;2152.0;2079.0;-73.0
5190;Vila Maria;4221.0;4221.0;4413.0;192.0
5191;Vila Nova do Piauí;3076.0;3076.0;2935.0;-141.0
5192;Vila Nova do Sul;4221.0;4221.0;3863.0;-358.0
5193;Vila Nova dos Martírios;11258.0;11258.0;10362.0;-896.0
5194;Vila Pavão;8672.0;8672.0;8911.0;239.0
5195;Vila Propício;5145.0;5145.0;5815.0;670.0
5196;Vila Rica;21382.0;21382.0;19888.0;-1494.0
5197;Vila Valério;13830.0;13830.0;13728.0;-102.0
5198;Vila Velha;414586.0;414586.0;467722.0;53136.0
5199;Vilhena;76202.0;76202.0;95832.0;19630.0
5200;Vinhedo;63611.0;63656.0;76540.0;12929.0
5201;Viradouro;17297.0;17297.0;17414.0;117.0
5202;Virgem da Lapa;13619.0;13619.0;11804.0;-1815.0
5203;Virginópolis;10572.0;10572.0;10314.0;-258.0
5204;Virgolândia;5658.0;5658.0;4552.0;-1106.0
5205;Virgínia;8623.0;8623.0;8908.0;285.0
5206;Virmond;3950.0;3979.0;3811.0;-139.0
5207;Visconde do Rio Branco;37942.0;37942.0;39160.0;1218.0
5208;Viseu;56716.0;56716.0;58692.0;1976.0
5209;Vista Alegre;2832.0;2832.0;2660.0;-172.0
5210;Vista Alegre do Alto;6886.0;6886.0;8109.0;1223.0
5211;Vista Alegre do Prata;1569.0;1569.0;1590.0;21.0
5212;Vista Gaúcha;2759.0;2759.0;2783.0;24.0
5213;Vista Serrana;3512.0;3511.0;3641.0;129.0
5214;Vitor Meireles;5207.0;5222.0;5370.0;163.0
5215;Vitorino;6513.0;6513.0;9706.0;3193.0
5216;Vitorino Freire;31658.0;30897.0;30845.0;-813.0
5217;Vitória;327801.0;319738.0;322869.0;-4932.0
5218;Vitória Brasil;1737.0;1737.0;1794.0;57.0
5219;Vitória da Conquista;306866.0;306014.0;370879.0;64013.0
5220;Vitória das Missões;3485.0;3485.0;3260.0;-225.0
5221;Vitória de Santo Antão;129974.0;128017.0;134084.0;4110.0
5222;Vitória do Jari;12428.0;12428.0;11291.0;-1137.0
5223;Vitória do Mearim;31217.0;31217.0;30805.0;-412.0
5224;Vitória do Xingu;13431.0;13431.0;15607.0;2176.0
5225;Viçosa;99245.0;99352.0;102344.0;3099.0
5226;Viçosa do Ceará;54955.0;54955.0;59712.0;4757.0
5227;Volta Grande;5070.0;5070.0;4443.0;-627.0
5228;Volta Redonda;257803.0;258669.0;261563.0;3760.0
5229;Votorantim;108809.0;108618.0;127923.0;19114.0
5230;Votuporanga;84692.0;84692.0;96634.0;11942.0
5231;Várzea;7740.0;7740.0;7901.0;161.0
5232;Várzea Alegre;38434.0;38276.0;38984.0;550.0
5233;Várzea Branca;4913.0;4913.0;5055.0;142.0
5234;Várzea Grande;256932.0;256697.0;304495.0;47563.0
5235;Várzea Nova;13073.0;13141.0;13377.0;304.0
5236;Várzea Paulista;107089.0;107089.0;115771.0;8682.0
5237;Várzea da Palma;35809.0;35809.0;33744.0;-2065.0
5238;Várzea da Roça;13786.0;13663.0;13800.0;14.0
5239;Várzea do Poço;8661.0;8606.0;8101.0;-560.0
5240;Wagner;8983.0;9173.0;9503.0;520.0
5241;Wall Ferraz;4280.0;4280.0;4059.0;-221.0
5242;Wanderley;12485.0;12558.0;12968.0;483.0
5243;Wanderlândia;10981.0;10981.0;10522.0;-459.0
5244;Wenceslau Braz;21851.0;21851.0;21544.0;-307.0
5245;Wenceslau Guimarães;22189.0;21867.0;24474.0;2285.0
5246;Westfália;2793.0;2793.0;3098.0;305.0
5247;Witmarsum;3600.0;3596.0;4255.0;655.0
5248;Xambioá;11484.0;11484.0;10517.0;-967.0
5249;Xambrê;6012.0;6012.0;5798.0;-214.0
5250;Xangri-lá;12434.0;12434.0;16463.0;4029.0
5251;Xanxerê;44128.0;44128.0;51607.0;7479.0
5252;Xapuri;16091.0;16091.0;18243.0;2152.0
5253;Xavantina;4142.0;4142.0;3653.0;-489.0
5254;Xaxim;25713.0;25713.0;31918.0;6205.0
5255;Xexéu;14093.0;14093.0;11611.0;-2482.0
5256;Xinguara;40573.0;40573.0;52893.0;12320.0
5257;Xique-Xique;45536.0;45164.0;44757.0;-779.0
5258;Zabelê;2075.0;2075.0;2228.0;153.0
5259;Zacarias;2335.0;2335.0;2692.0;357.0
5260;Zortéa;2991.0;2991.0;3930.0;939.0
5261;Zé Doca;50173.0;48490.0;40801.0;-9372.0
5262;Água Azul do Norte;25057.0;25057.0;18080.0;-6977.0
5263;Água Boa;36051.0;36377.0;41808.0;5757.0
5264;Água Branca;45277.0;45289.0;45916.0;639.0
5265;Água Clara;14424.0;12902.0;16741.0;2317.0
5266;Água Comprida;2025.0;2025.0;2108.0;83.0
5267;Água Doce;6961.0;6961.0;6508.0;-453.0
5268;Água Doce do Maranhão;11581.0;11581.0;12142.0;561.0
5269;Água Doce do Norte;11771.0;11771.0;12042.0;271.0
5270;Água Fria;15731.0;15997.0;14497.0;-1234.0
5271;Água Fria de Goiás;5090.0;5085.0;4954.0;-136.0
5272;Água Limpa;2013.0;2013.0;1858.0;-155.0
5273;Água Nova;2980.0;2980.0;2946.0;-34.0
5274;Água Preta;33095.0;33095.0;26461.0;-6634.0
5275;Água Santa;3722.0;3722.0;3912.0;190.0
5276;Águas Belas;40235.0;40235.0;41548.0;1313.0
5277;Águas Formosas;18479.0;18479.0;18448.0;-31.0
5278;Águas Frias;2424.0;2439.0;2839.0;415.0
5279;Águas Lindas de Goiás;159378.0;159386.0;225693.0;66315.0
5280;Águas Mornas;5548.0;5548.0;6743.0;1195.0
5281;Águas Vermelhas;12722.0;12722.0;14037.0;1315.0
5282;Águas da Prata;7584.0;7584.0;7369.0;-215.0
5283;Águas de Chapecó;6110.0;6110.0;6036.0;-74.0
5284;Águas de Lindóia;17266.0;17266.0;17930.0;664.0
5285;Águas de Santa Bárbara;5601.0;5601.0;7177.0;1576.0
5286;Águas de São Pedro;2707.0;2707.0;2780.0;73.0
5287;Águia Branca;9519.0;9519.0;9711.0;192.0
5288;Álvares Florence;3897.0;3897.0;3915.0;18.0
5289;Álvares Machado;23513.0;23513.0;27255.0;3742.0
5290;Álvaro de Carvalho;4650.0;4650.0;4808.0;158.0
5291;Áurea;3665.0;3665.0;3396.0;-269.0
5292;Ângulo;2859.0;2859.0;3235.0;376.0
5293;Érico Cardoso;10859.0;10882.0;10604.0;-255.0
5294;Óbidos;49333.0;49333.0;52229.0;2896.0
5295;Óleo;2673.0;2673.0;2512.0;-161.0
